ID;Especie;Zona;SI;Manejo;Código;Tipo de manejo;Manejo específico;Parámetros de rodal;;;;;Biomasa Fustal (Ton ha-1);;;;;Volumen fustal hasta distintos diámetros límites de utilización (m3 sc ha-1);;;;;Biomasa aérea en pie para distintos componentes (ton ha-1);;;;;;;;;;;;;;;;;;
;;;;;;;;;;;;;;;;;;;;;;;Fustal hasta diámetros limites de utilización;;;;;Fustal sobre diámetros limites de utilización;;;;Fustal;;;;;No fustal;;;;Total
;;;;;;;;Edad (años);N° árboles (ha);Área basal (m2/ha);Altura dominante (m);"DAP dominante
 (cm)";Total Fustal;IU 10;IU15;IU20;IU30;IU 0;IU 8;IU 16;IU 24;IU 32;IU 0;IU 8;IU 16;IU 24;IU 32;IU 8;IU 16;IU 24;IU 32; IU10;IU15; IU20; IU30;Total Fustal;hojas;ramas;corteza;Total no fustal;
;;;;;;;;;;;;;;;;;;;;;;;;;;;;;;;;;;;;;;;;;
1;Pinues radiata;6;29;0;29 0 NA;NA;NA;0;1250;NA;NA;NA;NA;NA;NA;NA;NA;NA;NA;NA;NA;NA;NA;NA;NA;NA;NA;NA;NA;NA;NA;NA;NA;NA;NA;NA;NA;NA;NA;NA;NA
2;Pinues radiata;6;29;0;29 0 NA;NA;NA;1;1165;NA;NA;NA;NA;NA;NA;NA;NA;NA;NA;NA;NA;NA;NA;NA;NA;NA;NA;NA;NA;NA;NA;NA;NA;NA;NA;NA;NA;NA;NA;NA;NA
3;Pinues radiata;6;29;0;29 0 NA;NA;NA;2;1137;0.01;NA;NA;NA;NA;NA;NA;NA;NA;NA;NA;NA;NA;NA;NA;NA;NA;NA;NA;NA;NA;NA;NA;NA;NA;NA;NA;NA;NA;NA;NA;NA
4;Pinues radiata;6;29;0;29 0 NA;NA;NA;3;1117;0.13;NA;NA;NA;NA;NA;NA;NA;NA;NA;NA;NA;NA;NA;NA;NA;NA;NA;NA;NA;NA;NA;NA;NA;NA;NA;NA;NA;NA;NA;NA;NA
5;Pinues radiata;6;29;0;29 0 NA;NA;NA;4;1101;1.38;NA;NA;NA;NA;NA;NA;NA;NA;NA;NA;NA;NA;NA;NA;NA;NA;NA;NA;NA;NA;NA;NA;NA;NA;NA;NA;NA;NA;NA;NA;NA
6;Pinues radiata;6;29;0;29 0 NA;NA;NA;5;1099;4.85;NA;NA;4;1;NA;NA;NA;NA;NA;NA;NA;NA;NA;NA;NA;NA;NA;NA;NA;NA;NA;3;4;4;4;4;NA;NA;NA;7;11
7;Pinues radiata;6;29;0;29 0 NA;NA;NA;6;1097;8.66;NA;NA;8;4;NA;NA;NA;NA;NA;NA;NA;NA;NA;NA;NA;NA;NA;NA;NA;NA;NA;5;8;8;8;8;NA;NA;NA;12;20
8;Pinues radiata;6;29;0;29 0 NA;NA;NA;7;1094;12.79;NA;NA;14;8;2;NA;NA;NA;NA;NA;NA;NA;NA;NA;NA;NA;NA;NA;NA;NA;NA;6;13;14;14;14;NA;NA;NA;16;30
9;Pinues radiata;6;29;0;29 0 NA;NA;NA;8;1090;17.23;NA;NA;22;16;6;1;NA;NA;NA;NA;NA;NA;NA;NA;NA;NA;NA;NA;NA;NA;NA;7;17;21;22;22;NA;NA;NA;19;41
10;Pinues radiata;6;29;0;29 0 NA;NA;NA;9;1085;21.7;NA;NA;32;25;12;3;NA;NA;NA;NA;NA;NA;NA;NA;NA;NA;NA;NA;NA;NA;NA;7;20;29;32;32;NA;NA;NA;22;54
11;Pinues radiata;6;29;0;29 0 NA;NA;NA;10;1079;26.21;NA;NA;44;36;20;8;1;NA;NA;NA;NA;NA;NA;NA;NA;NA;NA;NA;NA;NA;NA;7;24;36;43;44;NA;NA;NA;25;69
12;Pinues radiata;6;29;0;29 0 NA;NA;NA;11;1072;30.61;NA;NA;57;49;31;14;3;NA;NA;NA;NA;NA;NA;NA;NA;NA;NA;NA;NA;NA;NA;8;26;43;54;57;NA;NA;NA;29;86
13;Pinues radiata;6;29;0;29 0 NA;NA;NA;12;1063;34.91;NA;NA;71;63;43;22;5;NA;NA;NA;NA;NA;NA;NA;NA;NA;NA;NA;NA;NA;NA;8;28;49;66;71;NA;NA;NA;32;103
14;Pinues radiata;6;29;0;29 0 NA;NA;NA;13;1054;39.05;NA;NA;86;78;56;32;9;NA;NA;NA;NA;NA;NA;NA;NA;NA;NA;NA;NA;NA;NA;8;30;55;77;86;NA;NA;NA;36;122
15;Pinues radiata;6;29;0;29 0 NA;NA;NA;14;1044;43.03;NA;NA;102;94;71;43;13;NA;NA;NA;NA;NA;NA;NA;NA;NA;NA;NA;NA;NA;NA;8;32;59;89;102;NA;NA;NA;39;141
16;Pinues radiata;6;29;0;29 0 NA;NA;NA;15;1034;46.81;NA;NA;118;110;85;55;18;NA;NA;NA;NA;NA;NA;NA;NA;NA;NA;NA;NA;NA;NA;8;33;64;100;118;NA;NA;NA;43;161
17;Pinues radiata;6;29;0;29 0 NA;NA;NA;16;1023;50.39;NA;NA;135;127;101;67;24;NA;NA;NA;NA;NA;NA;NA;NA;NA;NA;NA;NA;NA;NA;8;34;68;111;135;NA;NA;NA;46;181
18;Pinues radiata;6;29;0;29 0 NA;NA;NA;17;1011;53.78;NA;NA;152;144;117;81;31;NA;NA;NA;NA;NA;NA;NA;NA;NA;NA;NA;NA;NA;NA;8;34;71;121;152;NA;NA;NA;49;201
19;Pinues radiata;6;29;0;29 0 NA;NA;NA;18;999;56.95;NA;NA;195;185;154;109;44;NA;NA;NA;NA;NA;NA;NA;NA;NA;NA;NA;NA;NA;NA;9;41;86;151;195;NA;NA;NA;61;256
20;Pinues radiata;6;29;0;29 0 NA;NA;NA;19;986;59.93;NA;NA;214;204;173;125;52;NA;NA;NA;NA;NA;NA;NA;NA;NA;NA;NA;NA;NA;NA;9;41;89;162;214;NA;NA;NA;64;278
21;Pinues radiata;6;29;0;29 0 NA;NA;NA;20;973;62.7;NA;NA;232;223;191;141;61;NA;NA;NA;NA;NA;NA;NA;NA;NA;NA;NA;NA;NA;NA;9;41;91;171;232;NA;NA;NA;69;301
22;Pinues radiata;6;29;0;29 0 NA;NA;NA;21;960;65.29;NA;NA;250;242;209;157;70;NA;NA;NA;NA;NA;NA;NA;NA;NA;NA;NA;NA;NA;NA;9;41;93;180;250;NA;NA;NA;72;322
23;Pinues radiata;6;29;0;29 0 NA;NA;NA;22;947;67.68;NA;NA;268;259;227;173;80;NA;NA;NA;NA;NA;NA;NA;NA;NA;NA;NA;NA;NA;NA;9;41;95;188;268;NA;NA;NA;75;343
24;Pinues radiata;6;29;0;29 0 NA;NA;NA;23;934;69.9;NA;NA;284;276;243;188;89;NA;NA;NA;NA;NA;NA;NA;NA;NA;NA;NA;NA;NA;NA;8;41;96;195;284;NA;NA;NA;77;361
25;Pinues radiata;6;29;0;29 0 NA;NA;NA;24;921;71.95;NA;NA;300;292;260;203;98;NA;NA;NA;NA;NA;NA;NA;NA;NA;NA;NA;NA;NA;NA;8;41;97;202;300;NA;NA;NA;80;380
26;Pinues radiata;6;29;0;29 0 NA;NA;NA;25;908;73.83;NA;NA;316;308;275;218;107;NA;NA;NA;NA;NA;NA;NA;NA;NA;NA;NA;NA;NA;NA;8;41;98;209;316;NA;NA;NA;83;399
27;Pinues radiata;6;29;0;29 0 NA;NA;NA;26;895;75.57;NA;NA;330;322;290;232;116;NA;NA;NA;NA;NA;NA;NA;NA;NA;NA;NA;NA;NA;NA;8;40;98;214;330;NA;NA;NA;85;415
28;Pinues radiata;6;29;0;29 0 NA;NA;NA;27;883;77.16;NA;NA;344;336;305;245;124;NA;NA;NA;NA;NA;NA;NA;NA;NA;NA;NA;NA;NA;NA;8;39;98;219;344;NA;NA;NA;87;431
29;Pinues radiata;6;29;0;29 0 NA;NA;NA;28;871;78.62;NA;NA;357;349;318;258;132;NA;NA;NA;NA;NA;NA;NA;NA;NA;NA;NA;NA;NA;NA;8;39;98;224;357;NA;NA;NA;89;446
30;Pinues radiata;6;29;0;29 0 NA;NA;NA;29;859;79.96;NA;NA;369;362;331;271;141;NA;NA;NA;NA;NA;NA;NA;NA;NA;NA;NA;NA;NA;NA;7;38;98;228;369;NA;NA;NA;91;460
31;Pinues radiata;6;29;0;29 0 NA;NA;NA;30;847;81.18;NA;NA;380;373;343;283;148;NA;NA;NA;NA;NA;NA;NA;NA;NA;NA;NA;NA;NA;NA;7;37;98;232;380;NA;NA;NA;93;473
32;Pinues radiata;6;32;1;32 1 Intensivo;Intensivo;NA;0;1250;NA;NA;NA;NA;NA;NA;NA;NA;NA;NA;NA;NA;NA;NA;NA;NA;NA;NA;NA;NA;NA;NA;NA;NA;NA;NA;NA;NA;NA;NA;NA;NA
33;Pinues radiata;6;32;1;32 1 Intensivo;Intensivo;NA;1;1225;NA;NA;NA;NA;NA;NA;NA;NA;NA;NA;NA;NA;NA;NA;NA;NA;NA;NA;NA;NA;NA;NA;NA;NA;NA;NA;NA;NA;NA;NA;NA;NA
34;Pinues radiata;6;32;1;32 1 Intensivo;Intensivo;NA;2;1217;0.03;NA;NA;NA;NA;NA;NA;NA;NA;NA;NA;NA;NA;NA;NA;NA;NA;NA;NA;NA;NA;NA;NA;NA;NA;NA;NA;NA;NA;NA;NA;NA
35;Pinues radiata;6;32;1;32 1 Intensivo;Intensivo;NA;3;1210;0.76;NA;NA;NA;NA;NA;NA;NA;NA;NA;NA;NA;NA;NA;NA;NA;NA;NA;NA;NA;NA;NA;NA;NA;NA;NA;NA;NA;NA;NA;NA;NA
36;Pinues radiata;6;32;1;32 1 Intensivo;Intensivo;NA;4;1205;5.60;NA;NA;5;NA;NA;NA;NA;NA;NA;NA;NA;NA;NA;NA;NA;NA;NA;NA;NA;NA;NA;5;5;5;5;5;NA;NA;NA;10;15
37;Pinues radiata;6;32;1;32 1 Intensivo;Intensivo;Po/Ra;5;1202;8.32;NA;NA;10;3;NA;NA;NA;NA;NA;NA;NA;NA;NA;NA;NA;NA;NA;NA;NA;NA;NA;7;10;10;10;10;NA;NA;NA;16;26
38;Pinues radiata;6;32;1;32 1 Intensivo;Intensivo;NA;5;700;5.81;NA;NA;7;3;NA;NA;NA;NA;NA;NA;NA;NA;NA;NA;NA;NA;NA;NA;NA;NA;NA;5;7;7;7;7;NA;NA;NA;12;19
39;Pinues radiata;6;32;1;32 1 Intensivo;Intensivo;Poda;6;700;9.20;NA;NA;12;8;1;NA;NA;NA;NA;NA;NA;NA;NA;NA;NA;NA;NA;NA;NA;NA;NA;5;12;12;12;12;NA;NA;NA;16;28
40;Pinues radiata;6;32;1;32 1 Intensivo;Intensivo;Poda;7;700;12.76;NA;NA;19;15;5;NA;NA;NA;NA;NA;NA;NA;NA;NA;NA;NA;NA;NA;NA;NA;NA;5;14;19;19;19;NA;NA;NA;18;37
41;Pinues radiata;6;32;1;32 1 Intensivo;Intensivo;NA;8;700;16.87;NA;NA;28;23;12;2;NA;NA;NA;NA;NA;NA;NA;NA;NA;NA;NA;NA;NA;NA;NA;5;16;26;28;28;NA;NA;NA;21;49
42;Pinues radiata;6;32;1;32 1 Intensivo;Intensivo;NA;9;700;21.32;NA;NA;39;35;23;7;NA;NA;NA;NA;NA;NA;NA;NA;NA;NA;NA;NA;NA;NA;NA;5;17;32;39;39;NA;NA;NA;24;63
43;Pinues radiata;6;32;1;32 1 Intensivo;Intensivo;Raleo;10;697;25.91;NA;NA;52;48;35;16;NA;NA;NA;NA;NA;NA;NA;NA;NA;NA;NA;NA;NA;NA;NA;4;17;36;52;52;NA;NA;NA;27;79
44;Pinues radiata;6;32;1;32 1 Intensivo;Intensivo;NA;10;300;14.52;NA;NA;29;28;23;14;NA;NA;NA;NA;NA;NA;NA;NA;NA;NA;NA;NA;NA;NA;NA;2;6;15;29;29;NA;NA;NA;17;46
45;Pinues radiata;6;32;1;32 1 Intensivo;Intensivo;NA;11;300;19.40;NA;NA;42;41;36;27;5;NA;NA;NA;NA;NA;NA;NA;NA;NA;NA;NA;NA;NA;NA;1;6;15;37;42;NA;NA;NA;19;61
46;Pinues radiata;6;32;1;32 1 Intensivo;Intensivo;NA;12;300;23.12;NA;NA;54;53;48;39;11;NA;NA;NA;NA;NA;NA;NA;NA;NA;NA;NA;NA;NA;NA;2;6;15;43;54;NA;NA;NA;22;76
47;Pinues radiata;6;32;1;32 1 Intensivo;Intensivo;NA;13;300;27.18;NA;NA;68;67;63;53;21;NA;NA;NA;NA;NA;NA;NA;NA;NA;NA;NA;NA;NA;NA;1;6;15;47;68;NA;NA;NA;25;93
48;Pinues radiata;6;32;1;32 1 Intensivo;Intensivo;NA;14;300;31.11;NA;NA;83;82;78;68;33;NA;NA;NA;NA;NA;NA;NA;NA;NA;NA;NA;NA;NA;NA;2;6;15;50;83;NA;NA;NA;28;111
49;Pinues radiata;6;32;1;32 1 Intensivo;Intensivo;NA;15;300;34.89;NA;NA;98;97;93;83;46;NA;NA;NA;NA;NA;NA;NA;NA;NA;NA;NA;NA;NA;NA;1;6;15;52;98;NA;NA;NA;31;129
50;Pinues radiata;6;32;1;32 1 Intensivo;Intensivo;NA;16;300;38.49;NA;NA;114;112;108;98;60;NA;NA;NA;NA;NA;NA;NA;NA;NA;NA;NA;NA;NA;NA;2;6;15;54;114;NA;NA;NA;34;148
51;Pinues radiata;6;32;1;32 1 Intensivo;Intensivo;NA;17;300;41.89;NA;NA;129;127;124;114;74;NA;NA;NA;NA;NA;NA;NA;NA;NA;NA;NA;NA;NA;NA;2;6;15;55;129;NA;NA;NA;37;166
52;Pinues radiata;6;32;1;32 1 Intensivo;Intensivo;NA;18;300;45.09;NA;NA;166;165;160;149;88;NA;NA;NA;NA;NA;NA;NA;NA;NA;NA;NA;NA;NA;NA;2;6;17;78;166;NA;NA;NA;46;212
53;Pinues radiata;6;32;1;32 1 Intensivo;Intensivo;NA;19;300;48.08;NA;NA;183;182;177;166;117;NA;NA;NA;NA;NA;NA;NA;NA;NA;NA;NA;NA;NA;NA;2;6;17;66;183;NA;NA;NA;49;232
54;Pinues radiata;6;32;1;32 1 Intensivo;Intensivo;NA;20;300;50.88;NA;NA;200;198;193;182;132;NA;NA;NA;NA;NA;NA;NA;NA;NA;NA;NA;NA;NA;NA;2;6;18;68;200;NA;NA;NA;52;252
55;Pinues radiata;6;32;1;32 1 Intensivo;Intensivo;NA;21;300;53.48;NA;NA;215;214;209;198;147;NA;NA;NA;NA;NA;NA;NA;NA;NA;NA;NA;NA;NA;NA;2;6;18;69;215;NA;NA;NA;55;270
56;Pinues radiata;6;32;1;32 1 Intensivo;Intensivo;NA;22;300;55.88;NA;NA;230;229;224;213;161;NA;NA;NA;NA;NA;NA;NA;NA;NA;NA;NA;NA;NA;NA;2;6;18;70;230;NA;NA;NA;58;288
57;Pinues radiata;6;32;1;32 1 Intensivo;Intensivo;NA;23;300;58.11;NA;NA;245;243;238;227;174;NA;NA;NA;NA;NA;NA;NA;NA;NA;NA;NA;NA;NA;NA;2;6;18;71;245;NA;NA;NA;60;305
58;Pinues radiata;6;32;1;32 1 Intensivo;Intensivo;NA;24;300;60.17;NA;NA;258;257;252;241;187;NA;NA;NA;NA;NA;NA;NA;NA;NA;NA;NA;NA;NA;NA;2;6;17;71;258;NA;NA;NA;63;321
59;Pinues radiata;6;32;1;32 1 Intensivo;Intensivo;NA;25;300;62.06;NA;NA;271;269;265;254;198;NA;NA;NA;NA;NA;NA;NA;NA;NA;NA;NA;NA;NA;NA;2;6;18;73;271;NA;NA;NA;65;336
60;Pinues radiata;6;32;1;32 1 Intensivo;Intensivo;NA;26;300;63.80;NA;NA;283;281;277;266;210;NA;NA;NA;NA;NA;NA;NA;NA;NA;NA;NA;NA;NA;NA;2;6;18;74;283;NA;NA;NA;67;350
61;Pinues radiata;6;32;1;32 1 Intensivo;Intensivo;NA;27;300;65.40;NA;NA;294;293;288;277;221;NA;NA;NA;NA;NA;NA;NA;NA;NA;NA;NA;NA;NA;NA;2;6;18;74;294;NA;NA;NA;69;363
62;Pinues radiata;6;32;1;32 1 Intensivo;Intensivo;NA;28;300;66.86;NA;NA;305;303;299;288;230;NA;NA;NA;NA;NA;NA;NA;NA;NA;NA;NA;NA;NA;NA;2;6;17;75;305;NA;NA;NA;71;376
63;Pinues radiata;6;32;1;32 1 Intensivo;Intensivo;NA;29;300;68.20;NA;NA;315;313;308;297;240;NA;NA;NA;NA;NA;NA;NA;NA;NA;NA;NA;NA;NA;NA;2;6;17;75;315;NA;NA;NA;72;387
64;Pinues radiata;6;32;1;32 1 Intensivo;Intensivo;NA;30;300;69.43;NA;NA;324;322;318;307;248;NA;NA;NA;NA;NA;NA;NA;NA;NA;NA;NA;NA;NA;NA;2;6;17;76;324;NA;NA;NA;74;398
65;Pinues radiata;6;29;1;29 1 Intensivo2;Intensivo2;NA;0;1250;NA;NA;NA;NA;NA;NA;NA;NA;NA;NA;NA;NA;NA;NA;NA;NA;NA;NA;NA;NA;NA;NA;NA;NA;NA;NA;NA;NA;NA;NA;NA;NA
66;Pinues radiata;6;29;1;29 1 Intensivo2;Intensivo2;NA;1;1225;NA;NA;NA;NA;NA;NA;NA;NA;NA;NA;NA;NA;NA;NA;NA;NA;NA;NA;NA;NA;NA;NA;NA;NA;NA;NA;NA;NA;NA;NA;NA;NA
67;Pinues radiata;6;29;1;29 1 Intensivo2;Intensivo2;NA;2;1217;0.03;NA;NA;NA;NA;NA;NA;NA;NA;NA;NA;NA;NA;NA;NA;NA;NA;NA;NA;NA;NA;NA;NA;NA;NA;NA;NA;NA;NA;NA;NA;NA
68;Pinues radiata;6;29;1;29 1 Intensivo2;Intensivo2;NA;3;1210;0.76;NA;NA;NA;NA;NA;NA;NA;NA;NA;NA;NA;NA;NA;NA;NA;NA;NA;NA;NA;NA;NA;NA;NA;NA;NA;NA;NA;NA;NA;NA;NA
69;Pinues radiata;6;29;1;29 1 Intensivo2;Intensivo2;NA;4;1205;5.6;NA;NA;5;NA;NA;NA;NA;NA;NA;NA;NA;NA;NA;NA;NA;NA;NA;NA;NA;NA;NA;5;5;5;5;5;NA;NA;NA;10;15
70;Pinues radiata;6;29;1;29 1 Intensivo2;Intensivo2;Po/Ra;5;1202;8.32;NA;NA;10;3;NA;NA;NA;NA;NA;NA;NA;NA;NA;NA;NA;NA;NA;NA;NA;NA;NA;7;10;10;10;10;NA;NA;NA;16;26
71;Pinues radiata;6;29;1;29 1 Intensivo2;Intensivo2;NA;5;700;5.81;NA;NA;7;3;NA;NA;NA;NA;NA;NA;NA;NA;NA;NA;NA;NA;NA;NA;NA;NA;NA;5;7;7;7;7;NA;NA;NA;12;19
72;Pinues radiata;6;29;1;29 1 Intensivo2;Intensivo2;Poda;6;700;9.2;NA;NA;12;8;1;NA;NA;NA;NA;NA;NA;NA;NA;NA;NA;NA;NA;NA;NA;NA;NA;5;12;12;12;12;NA;NA;NA;16;28
73;Pinues radiata;6;29;1;29 1 Intensivo2;Intensivo2;Poda;7;700;12.76;NA;NA;19;15;5;NA;NA;NA;NA;NA;NA;NA;NA;NA;NA;NA;NA;NA;NA;NA;NA;5;14;19;19;19;NA;NA;NA;18;37
74;Pinues radiata;6;29;1;29 1 Intensivo2;Intensivo2;NA;8;700;16.87;NA;NA;28;23;12;2;NA;NA;NA;NA;NA;NA;NA;NA;NA;NA;NA;NA;NA;NA;NA;5;16;26;28;28;NA;NA;NA;21;49
75;Pinues radiata;6;29;1;29 1 Intensivo2;Intensivo2;NA;9;700;21.32;NA;NA;39;35;23;7;NA;NA;NA;NA;NA;NA;NA;NA;NA;NA;NA;NA;NA;NA;NA;5;17;32;39;39;NA;NA;NA;24;63
76;Pinues radiata;6;29;1;29 1 Intensivo2;Intensivo2;Raleo;10;697;25.91;NA;NA;52;48;35;16;NA;NA;NA;NA;NA;NA;NA;NA;NA;NA;NA;NA;NA;NA;NA;4;17;36;52;52;NA;NA;NA;27;79
77;Pinues radiata;6;29;1;29 1 Intensivo2;Intensivo2;NA;10;300;14.52;NA;NA;29;28;23;14;NA;NA;NA;NA;NA;NA;NA;NA;NA;NA;NA;NA;NA;NA;NA;2;6;15;29;29;NA;NA;NA;17;46
78;Pinues radiata;6;29;1;29 1 Intensivo2;Intensivo2;NA;11;300;19.4;NA;NA;42;41;36;27;5;NA;NA;NA;NA;NA;NA;NA;NA;NA;NA;NA;NA;NA;NA;1;6;15;37;42;NA;NA;NA;19;61
79;Pinues radiata;6;29;1;29 1 Intensivo2;Intensivo2;NA;12;300;23.12;NA;NA;54;53;48;39;11;NA;NA;NA;NA;NA;NA;NA;NA;NA;NA;NA;NA;NA;NA;2;6;15;43;54;NA;NA;NA;22;76
80;Pinues radiata;6;29;1;29 1 Intensivo2;Intensivo2;NA;13;300;27.18;NA;NA;68;67;63;53;21;NA;NA;NA;NA;NA;NA;NA;NA;NA;NA;NA;NA;NA;NA;1;6;15;47;68;NA;NA;NA;25;93
81;Pinues radiata;6;29;1;29 1 Intensivo2;Intensivo2;NA;14;300;31.11;NA;NA;83;82;78;68;33;NA;NA;NA;NA;NA;NA;NA;NA;NA;NA;NA;NA;NA;NA;2;6;15;50;83;NA;NA;NA;28;111
82;Pinues radiata;6;29;1;29 1 Intensivo2;Intensivo2;NA;15;300;34.89;NA;NA;98;97;93;83;46;NA;NA;NA;NA;NA;NA;NA;NA;NA;NA;NA;NA;NA;NA;1;6;15;52;98;NA;NA;NA;31;129
83;Pinues radiata;6;29;1;29 1 Intensivo2;Intensivo2;NA;16;300;38.49;NA;NA;114;112;108;98;60;NA;NA;NA;NA;NA;NA;NA;NA;NA;NA;NA;NA;NA;NA;2;6;15;54;114;NA;NA;NA;34;148
84;Pinues radiata;6;29;1;29 1 Intensivo2;Intensivo2;NA;17;300;41.89;NA;NA;129;127;124;114;74;NA;NA;NA;NA;NA;NA;NA;NA;NA;NA;NA;NA;NA;NA;2;6;15;55;129;NA;NA;NA;37;166
85;Pinues radiata;6;29;1;29 1 Intensivo2;Intensivo2;NA;18;300;45.09;NA;NA;166;165;160;149;88;NA;NA;NA;NA;NA;NA;NA;NA;NA;NA;NA;NA;NA;NA;2;6;17;78;166;NA;NA;NA;46;212
86;Pinues radiata;6;29;1;29 1 Intensivo2;Intensivo2;NA;19;300;48.08;NA;NA;183;182;177;166;117;NA;NA;NA;NA;NA;NA;NA;NA;NA;NA;NA;NA;NA;NA;2;6;17;66;183;NA;NA;NA;49;232
87;Pinues radiata;6;29;1;29 1 Intensivo2;Intensivo2;NA;20;300;50.88;NA;NA;200;198;193;182;132;NA;NA;NA;NA;NA;NA;NA;NA;NA;NA;NA;NA;NA;NA;2;6;18;68;200;NA;NA;NA;52;252
88;Pinues radiata;6;29;1;29 1 Intensivo2;Intensivo2;NA;21;300;53.48;NA;NA;215;214;209;198;147;NA;NA;NA;NA;NA;NA;NA;NA;NA;NA;NA;NA;NA;NA;2;6;18;69;215;NA;NA;NA;55;270
89;Pinues radiata;6;29;1;29 1 Intensivo2;Intensivo2;NA;22;300;55.88;NA;NA;230;229;224;213;161;NA;NA;NA;NA;NA;NA;NA;NA;NA;NA;NA;NA;NA;NA;2;6;18;70;230;NA;NA;NA;58;288
90;Pinues radiata;6;29;1;29 1 Intensivo2;Intensivo2;NA;23;300;58.11;NA;NA;245;243;238;227;174;NA;NA;NA;NA;NA;NA;NA;NA;NA;NA;NA;NA;NA;NA;2;6;18;71;245;NA;NA;NA;60;305
91;Pinues radiata;6;29;1;29 1 Intensivo2;Intensivo2;NA;24;300;60.17;NA;NA;258;257;252;241;187;NA;NA;NA;NA;NA;NA;NA;NA;NA;NA;NA;NA;NA;NA;2;6;17;71;258;NA;NA;NA;63;321
92;Pinues radiata;6;29;1;29 1 Intensivo2;Intensivo2;NA;25;300;62.06;NA;NA;271;269;265;254;198;NA;NA;NA;NA;NA;NA;NA;NA;NA;NA;NA;NA;NA;NA;2;6;18;73;271;NA;NA;NA;65;336
93;Pinues radiata;6;29;1;29 1 Intensivo2;Intensivo2;NA;26;300;63.8;NA;NA;283;281;277;266;210;NA;NA;NA;NA;NA;NA;NA;NA;NA;NA;NA;NA;NA;NA;2;6;18;74;283;NA;NA;NA;67;350
94;Pinues radiata;6;29;1;29 1 Intensivo2;Intensivo2;NA;27;300;65.4;NA;NA;294;293;288;277;221;NA;NA;NA;NA;NA;NA;NA;NA;NA;NA;NA;NA;NA;NA;2;6;18;74;294;NA;NA;NA;69;363
95;Pinues radiata;6;29;1;29 1 Intensivo2;Intensivo2;NA;28;300;66.86;NA;NA;305;303;299;288;230;NA;NA;NA;NA;NA;NA;NA;NA;NA;NA;NA;NA;NA;NA;2;6;17;75;305;NA;NA;NA;71;376
96;Pinues radiata;6;29;1;29 1 Intensivo2;Intensivo2;NA;29;300;68.2;NA;NA;315;313;308;297;240;NA;NA;NA;NA;NA;NA;NA;NA;NA;NA;NA;NA;NA;NA;2;6;17;75;315;NA;NA;NA;72;387
97;Pinues radiata;6;29;1;29 1 Intensivo2;Intensivo2;NA;30;300;69.43;NA;NA;324;322;318;307;248;NA;NA;NA;NA;NA;NA;NA;NA;NA;NA;NA;NA;NA;NA;2;6;17;76;324;NA;NA;NA;74;398
98;Pinues radiata;6;26;1;26 1 Multipropósito;Multipropósito;NA;0;1250;NA;NA;NA;NA;NA;NA;NA;NA;NA;NA;NA;NA;NA;NA;NA;NA;NA;NA;NA;NA;NA;NA;NA;NA;NA;NA;NA;NA;NA;NA;NA;NA
99;Pinues radiata;6;26;1;26 1 Multipropósito;Multipropósito;NA;1;1165;NA;NA;NA;NA;NA;NA;NA;NA;NA;NA;NA;NA;NA;NA;NA;NA;NA;NA;NA;NA;NA;NA;NA;NA;NA;NA;NA;NA;NA;NA;NA;NA
100;Pinues radiata;6;26;1;26 1 Multipropósito;Multipropósito;NA;2;1137;NA;NA;NA;NA;NA;NA;NA;NA;NA;NA;NA;NA;NA;NA;NA;NA;NA;NA;NA;NA;NA;NA;NA;NA;NA;NA;NA;NA;NA;NA;NA;NA
101;Pinues radiata;6;26;1;26 1 Multipropósito;Multipropósito;NA;3;1117;0.06;NA;NA;NA;NA;NA;NA;NA;NA;NA;NA;NA;NA;NA;NA;NA;NA;NA;NA;NA;NA;NA;NA;NA;NA;NA;NA;NA;NA;NA;NA;NA
102;Pinues radiata;6;26;1;26 1 Multipropósito;Multipropósito;NA;4;1101;0.72;NA;NA;NA;NA;NA;NA;NA;NA;NA;NA;NA;NA;NA;NA;NA;NA;NA;NA;NA;NA;NA;NA;NA;NA;NA;NA;NA;NA;NA;NA;NA
103;Pinues radiata;6;26;1;26 1 Multipropósito;Multipropósito;NA;5;1100;4.06;NA;NA;3;NA;NA;NA;NA;NA;NA;NA;NA;NA;NA;NA;NA;NA;NA;NA;NA;NA;NA;3;3;3;3;3;NA;NA;NA;5;8
104;Pinues radiata;6;26;1;26 1 Multipropósito;Multipropósito;Po/Ra;6;1098;7.79;NA;NA;7;3;NA;NA;NA;NA;NA;NA;NA;NA;NA;NA;NA;NA;NA;NA;NA;NA;NA;5;7;7;7;7;NA;NA;NA;12;19
105;Pinues radiata;6;26;1;26 1 Multipropósito;Multipropósito;NA;6;700;5.71;NA;NA;5;2;NA;NA;NA;NA;NA;NA;NA;NA;NA;NA;NA;NA;NA;NA;NA;NA;NA;3;5;5;5;5;NA;NA;NA;6;11
106;Pinues radiata;6;26;1;26 1 Multipropósito;Multipropósito;NA;7;700;9.32;NA;NA;9;6;1;NA;NA;NA;NA;NA;NA;NA;NA;NA;NA;NA;NA;NA;NA;NA;NA;3;8;9;9;9;NA;NA;NA;8;17
107;Pinues radiata;6;26;1;26 1 Multipropósito;Multipropósito;Poda;8;700;13.46;NA;NA;15;11;5;1;NA;NA;NA;NA;NA;NA;NA;NA;NA;NA;NA;NA;NA;NA;NA;3;9;14;15;15;NA;NA;NA;11;26
108;Pinues radiata;6;26;1;26 1 Multipropósito;Multipropósito;NA;9;700;17.84;NA;NA;21;18;11;3;NA;NA;NA;NA;NA;NA;NA;NA;NA;NA;NA;NA;NA;NA;NA;3;10;18;21;21;NA;NA;NA;13;34
109;Pinues radiata;6;26;1;26 1 Multipropósito;Multipropósito;NA;10;698;22.25;NA;NA;29;26;18;8;NA;NA;NA;NA;NA;NA;NA;NA;NA;NA;NA;NA;NA;NA;NA;3;11;21;29;29;NA;NA;NA;15;44
110;Pinues radiata;6;26;1;26 1 Multipropósito;Multipropósito;NA;11;697;26.58;NA;NA;38;35;26;14;2;NA;NA;NA;NA;NA;NA;NA;NA;NA;NA;NA;NA;NA;NA;3;12;24;37;38;NA;NA;NA;17;55
111;Pinues radiata;6;26;1;26 1 Multipropósito;Multipropósito;Raleo;12;696;30.8;NA;NA;49;46;36;22;4;NA;NA;NA;NA;NA;NA;NA;NA;NA;NA;NA;NA;NA;NA;3;13;27;45;49;NA;NA;NA;25;74
112;Pinues radiata;6;26;1;26 1 Multipropósito;Multipropósito;NA;12;400;21.33;NA;NA;33;32;27;19;4;NA;NA;NA;NA;NA;NA;NA;NA;NA;NA;NA;NA;NA;NA;2;7;15;30;33;NA;NA;NA;14;47
113;Pinues radiata;6;26;1;26 1 Multipropósito;Multipropósito;NA;13;400;23.95;NA;NA;41;40;34;25;7;NA;NA;NA;NA;NA;NA;NA;NA;NA;NA;NA;NA;NA;NA;2;7;16;34;41;NA;NA;NA;16;57
114;Pinues radiata;6;26;1;26 1 Multipropósito;Multipropósito;NA;14;400;27.97;NA;NA;52;50;45;35;13;NA;NA;NA;NA;NA;NA;NA;NA;NA;NA;NA;NA;NA;NA;2;7;18;39;52;NA;NA;NA;19;71
115;Pinues radiata;6;26;1;26 1 Multipropósito;Multipropósito;NA;15;400;31.56;NA;NA;63;61;56;45;20;NA;NA;NA;NA;NA;NA;NA;NA;NA;NA;NA;NA;NA;NA;2;7;18;43;63;NA;NA;NA;21;84
116;Pinues radiata;6;26;1;26 1 Multipropósito;Multipropósito;NA;16;400;35.06;NA;NA;75;73;68;56;28;NA;NA;NA;NA;NA;NA;NA;NA;NA;NA;NA;NA;NA;NA;2;7;19;47;75;NA;NA;NA;24;99
117;Pinues radiata;6;26;1;26 1 Multipropósito;Multipropósito;NA;17;400;38.34;NA;NA;87;85;80;67;36;NA;NA;NA;NA;NA;NA;NA;NA;NA;NA;NA;NA;NA;NA;2;7;20;51;87;NA;NA;NA;26;113
118;Pinues radiata;6;26;1;26 1 Multipropósito;Multipropósito;NA;18;400;41.41;NA;NA;115;113;106;91;52;NA;NA;NA;NA;NA;NA;NA;NA;NA;NA;NA;NA;NA;NA;2;9;24;63;115;NA;NA;NA;33;148
119;Pinues radiata;6;26;1;26 1 Multipropósito;Multipropósito;NA;19;400;44.3;NA;NA;129;127;120;105;62;NA;NA;NA;NA;NA;NA;NA;NA;NA;NA;NA;NA;NA;NA;2;9;24;67;129;NA;NA;NA;36;165
120;Pinues radiata;6;26;1;26 1 Multipropósito;Multipropósito;NA;20;400;47;NA;NA;144;141;134;118;72;NA;NA;NA;NA;NA;NA;NA;NA;NA;NA;NA;NA;NA;NA;2;9;26;71;144;NA;NA;NA;39;183
121;Pinues radiata;6;26;1;26 1 Multipropósito;Multipropósito;NA;21;400;49.5;NA;NA;158;155;148;132;83;NA;NA;NA;NA;NA;NA;NA;NA;NA;NA;NA;NA;NA;NA;2;9;26;75;158;NA;NA;NA;42;200
122;Pinues radiata;6;26;1;26 1 Multipropósito;Multipropósito;NA;22;400;51.84;NA;NA;171;169;162;145;93;NA;NA;NA;NA;NA;NA;NA;NA;NA;NA;NA;NA;NA;NA;2;9;26;79;171;NA;NA;NA;45;216
123;Pinues radiata;6;26;1;26 1 Multipropósito;Multipropósito;NA;23;400;53.99;NA;NA;185;183;176;158;103;NA;NA;NA;NA;NA;NA;NA;NA;NA;NA;NA;NA;NA;NA;2;9;27;82;185;NA;NA;NA;47;232
124;Pinues radiata;6;26;1;26 1 Multipropósito;Multipropósito;NA;24;400;55.98;NA;NA;198;196;189;171;113;NA;NA;NA;NA;NA;NA;NA;NA;NA;NA;NA;NA;NA;NA;2;9;27;85;198;NA;NA;NA;50;248
125;Pinues radiata;6;26;1;26 1 Multipropósito;Multipropósito;NA;25;400;57.8;NA;NA;210;209;201;183;122;NA;NA;NA;NA;NA;NA;NA;NA;NA;NA;NA;NA;NA;NA;2;9;28;88;210;NA;NA;NA;52;262
126;Pinues radiata;6;26;1;26 1 Multipropósito;Multipropósito;NA;26;400;59.49;NA;NA;223;221;213;195;132;NA;NA;NA;NA;NA;NA;NA;NA;NA;NA;NA;NA;NA;NA;2;9;28;91;223;NA;NA;NA;55;278
127;Pinues radiata;6;26;1;26 1 Multipropósito;Multipropósito;NA;27;400;61.04;NA;NA;234;233;225;206;141;NA;NA;NA;NA;NA;NA;NA;NA;NA;NA;NA;NA;NA;NA;2;9;29;94;234;NA;NA;NA;57;291
128;Pinues radiata;6;26;1;26 1 Multipropósito;Multipropósito;NA;28;400;62.46;NA;NA;246;244;237;217;150;NA;NA;NA;NA;NA;NA;NA;NA;NA;NA;NA;NA;NA;NA;2;9;29;96;246;NA;NA;NA;59;305
129;Pinues radiata;6;26;1;26 1 Multipropósito;Multipropósito;NA;29;400;63.76;NA;NA;257;255;248;228;158;NA;NA;NA;NA;NA;NA;NA;NA;NA;NA;NA;NA;NA;NA;2;9;29;99;257;NA;NA;NA;61;318
130;Pinues radiata;6;26;1;26 1 Multipropósito;Multipropósito;NA;30;400;64.95;NA;NA;267;265;258;238;166;NA;NA;NA;NA;NA;NA;NA;NA;NA;NA;NA;NA;NA;NA;2;9;29;101;267;NA;NA;NA;63;330
131;Pinues radiata;6;23;1;23 1 Pulpable;Pulpable;NA;0;1250;NA;NA;NA;NA;NA;NA;NA;NA;NA;NA;NA;NA;NA;NA;NA;NA;NA;NA;NA;NA;NA;NA;NA;NA;NA;NA;NA;NA;NA;NA;NA;NA
132;Pinues radiata;6;23;1;23 1 Pulpable;Pulpable;NA;1;1225;NA;NA;NA;NA;NA;NA;NA;NA;NA;NA;NA;NA;NA;NA;NA;NA;NA;NA;NA;NA;NA;NA;NA;NA;NA;NA;NA;NA;NA;NA;NA;NA
133;Pinues radiata;6;23;1;23 1 Pulpable;Pulpable;NA;2;1217;NA;NA;NA;NA;NA;NA;NA;NA;NA;NA;NA;NA;NA;NA;NA;NA;NA;NA;NA;NA;NA;NA;NA;NA;NA;NA;NA;NA;NA;NA;NA;NA
134;Pinues radiata;6;23;1;23 1 Pulpable;Pulpable;NA;3;1210;0.25;NA;NA;NA;NA;NA;NA;NA;NA;NA;NA;NA;NA;NA;NA;NA;NA;NA;NA;NA;NA;NA;NA;NA;NA;NA;NA;NA;NA;NA;NA;NA
135;Pinues radiata;6;23;1;23 1 Pulpable;Pulpable;NA;4;1205;1.74;NA;NA;NA;NA;NA;NA;NA;NA;NA;NA;NA;NA;NA;NA;NA;NA;NA;NA;NA;NA;NA;NA;NA;NA;NA;NA;NA;NA;NA;NA;NA
136;Pinues radiata;6;23;1;23 1 Pulpable;Pulpable;NA;5;1204;5.2;NA;NA;4;1;NA;NA;NA;NA;NA;NA;NA;NA;NA;NA;NA;NA;NA;NA;NA;NA;NA;3;4;4;4;4;NA;NA;NA;7;11
137;Pinues radiata;6;23;1;23 1 Pulpable;Pulpable;NA;6;1202;9.01;NA;NA;8;4;NA;NA;NA;NA;NA;NA;NA;NA;NA;NA;NA;NA;NA;NA;NA;NA;NA;5;8;8;8;8;NA;NA;NA;12;20
138;Pinues radiata;6;23;1;23 1 Pulpable;Pulpable;NA;7;1199;13.14;NA;NA;13;8;2;NA;NA;NA;NA;NA;NA;NA;NA;NA;NA;NA;NA;NA;NA;NA;NA;5;11;13;13;13;NA;NA;NA;14;27
139;Pinues radiata;6;23;1;23 1 Pulpable;Pulpable;Raleo;8;1195;17.55;NA;NA;20;14;5;NA;NA;NA;NA;NA;NA;NA;NA;NA;NA;NA;NA;NA;NA;NA;NA;6;15;20;20;20;NA;NA;NA;17;37
140;Pinues radiata;6;23;1;23 1 Pulpable;Pulpable;NA;8;700;12.3;NA;NA;14;10;4;NA;NA;NA;NA;NA;NA;NA;NA;NA;NA;NA;NA;NA;NA;NA;NA;4;10;14;14;14;NA;NA;NA;13;27
141;Pinues radiata;6;23;1;23 1 Pulpable;Pulpable;NA;9;700;16.67;NA;NA;21;18;10;3;NA;NA;NA;NA;NA;NA;NA;NA;NA;NA;NA;NA;NA;NA;NA;3;11;18;21;21;NA;NA;NA;15;36
142;Pinues radiata;6;23;1;23 1 Pulpable;Pulpable;NA;10;700;21.07;NA;NA;29;26;17;7;NA;NA;NA;NA;NA;NA;NA;NA;NA;NA;NA;NA;NA;NA;NA;4;12;22;29;29;NA;NA;NA;17;46
143;Pinues radiata;6;23;1;23 1 Pulpable;Pulpable;NA;11;700;25.47;NA;NA;39;35;26;14;NA;NA;NA;NA;NA;NA;NA;NA;NA;NA;NA;NA;NA;NA;NA;4;13;25;39;39;NA;NA;NA;19;58
144;Pinues radiata;6;23;1;23 1 Pulpable;Pulpable;NA;12;698;29.76;NA;NA;49;46;36;21;6;NA;NA;NA;NA;NA;NA;NA;NA;NA;NA;NA;NA;NA;NA;4;14;28;44;49;NA;NA;NA;22;71
145;Pinues radiata;6;23;1;23 1 Pulpable;Pulpable;NA;13;696;33.87;NA;NA;61;57;46;30;9;NA;NA;NA;NA;NA;NA;NA;NA;NA;NA;NA;NA;NA;NA;4;15;31;52;61;NA;NA;NA;25;86
146;Pinues radiata;6;23;1;23 1 Pulpable;Pulpable;NA;14;694;37.82;NA;NA;73;70;58;40;14;NA;NA;NA;NA;NA;NA;NA;NA;NA;NA;NA;NA;NA;NA;4;15;33;59;73;NA;NA;NA;27;100
147;Pinues radiata;6;23;1;23 1 Pulpable;Pulpable;NA;15;692;41.59;NA;NA;86;83;71;51;20;NA;NA;NA;NA;NA;NA;NA;NA;NA;NA;NA;NA;NA;NA;4;16;36;67;86;NA;NA;NA;30;116
148;Pinues radiata;6;23;1;23 1 Pulpable;Pulpable;NA;16;690;45.15;NA;NA;100;96;84;62;26;NA;NA;NA;NA;NA;NA;NA;NA;NA;NA;NA;NA;NA;NA;4;17;38;74;100;NA;NA;NA;33;133
149;Pinues radiata;6;23;1;23 1 Pulpable;Pulpable;NA;17;688;48.51;NA;NA;114;110;97;74;33;NA;NA;NA;NA;NA;NA;NA;NA;NA;NA;NA;NA;NA;NA;4;17;40;81;114;NA;NA;NA;36;150
150;Pinues radiata;6;23;1;23 1 Pulpable;Pulpable;NA;18;686;51.67;NA;NA;147;143;128;99;46;NA;NA;NA;NA;NA;NA;NA;NA;NA;NA;NA;NA;NA;NA;5;20;48;102;147;NA;NA;NA;45;192
151;Pinues radiata;6;23;1;23 1 Pulpable;Pulpable;NA;19;683;54.63;NA;NA;164;159;144;113;54;NA;NA;NA;NA;NA;NA;NA;NA;NA;NA;NA;NA;NA;NA;4;20;50;109;164;NA;NA;NA;48;212
152;Pinues radiata;6;23;1;23 1 Pulpable;Pulpable;NA;20;681;57.39;NA;NA;180;176;159;128;63;NA;NA;NA;NA;NA;NA;NA;NA;NA;NA;NA;NA;NA;NA;5;21;52;117;180;NA;NA;NA;51;231
153;Pinues radiata;6;23;1;23 1 Pulpable;Pulpable;NA;21;678;59.96;NA;NA;196;191;175;142;72;NA;NA;NA;NA;NA;NA;NA;NA;NA;NA;NA;NA;NA;NA;5;21;54;124;196;NA;NA;NA;54;250
154;Pinues radiata;6;23;1;23 1 Pulpable;Pulpable;NA;22;676;62.34;NA;NA;212;207;191;157;81;NA;NA;NA;NA;NA;NA;NA;NA;NA;NA;NA;NA;NA;NA;5;21;55;131;212;NA;NA;NA;57;269
155;Pinues radiata;6;23;1;23 1 Pulpable;Pulpable;NA;23;673;64.54;NA;NA;227;223;206;171;91;NA;NA;NA;NA;NA;NA;NA;NA;NA;NA;NA;NA;NA;NA;5;21;57;137;227;NA;NA;NA;60;287
156;Pinues radiata;6;23;1;23 1 Pulpable;Pulpable;NA;24;670;66.58;NA;NA;242;238;221;185;100;NA;NA;NA;NA;NA;NA;NA;NA;NA;NA;NA;NA;NA;NA;5;21;58;143;242;NA;NA;NA;63;305
157;Pinues radiata;6;23;1;23 1 Pulpable;Pulpable;NA;25;668;68.46;NA;NA;257;252;236;198;109;NA;NA;NA;NA;NA;NA;NA;NA;NA;NA;NA;NA;NA;NA;5;21;59;148;257;NA;NA;NA;66;323
158;Pinues radiata;6;23;1;23 1 Pulpable;Pulpable;NA;26;665;70.18;NA;NA;271;267;250;211;117;NA;NA;NA;NA;NA;NA;NA;NA;NA;NA;NA;NA;NA;NA;5;21;60;154;271;NA;NA;NA;68;339
159;Pinues radiata;6;23;1;23 1 Pulpable;Pulpable;NA;27;662;71.76;NA;NA;285;281;264;224;126;NA;NA;NA;NA;NA;NA;NA;NA;NA;NA;NA;NA;NA;NA;4;21;61;159;285;NA;NA;NA;71;356
160;Pinues radiata;6;23;1;23 1 Pulpable;Pulpable;NA;28;660;73.22;NA;NA;298;294;277;236;134;NA;NA;NA;NA;NA;NA;NA;NA;NA;NA;NA;NA;NA;NA;4;21;62;164;298;NA;NA;NA;73;371
161;Pinues radiata;6;23;1;23 1 Pulpable;Pulpable;NA;29;657;74.55;NA;NA;311;306;290;248;142;NA;NA;NA;NA;NA;NA;NA;NA;NA;NA;NA;NA;NA;NA;4;21;62;169;311;NA;NA;NA;75;386
162;Pinues radiata;6;23;1;23 1 Pulpable;Pulpable;NA;30;654;75.76;NA;NA;323;318;302;260;149;NA;NA;NA;NA;NA;NA;NA;NA;NA;NA;NA;NA;NA;NA;4;21;63;173;323;NA;NA;NA;77;400
162;Pinues radiata;7;27;0;27 0 NA;NA;NA;0;1250;NA;NA;NA;NA;NA;NA;NA;NA;NA;NA;NA;NA;NA;NA;NA;NA;NA;NA;NA;NA;NA;NA;NA;NA;NA;NA;NA;NA;NA;NA;NA;NA
162;Pinues radiata;7;27;0;27 0 NA;NA;NA;1;1171;NA;NA;NA;NA;NA;NA;NA;NA;NA;NA;NA;NA;NA;NA;NA;NA;NA;NA;NA;NA;NA;NA;NA;NA;NA;NA;NA;NA;NA;NA;NA;NA
162;Pinues radiata;7;27;0;27 0 NA;NA;NA;2;1136;NA;NA;NA;NA;NA;NA;NA;NA;NA;NA;NA;NA;NA;NA;NA;NA;NA;NA;NA;NA;NA;NA;NA;NA;NA;NA;NA;NA;NA;NA;NA;NA
162;Pinues radiata;7;27;0;27 0 NA;NA;NA;3;1110;0.08;NA;NA;NA;NA;NA;NA;NA;NA;NA;NA;NA;NA;NA;NA;NA;NA;NA;NA;NA;NA;NA;NA;NA;NA;NA;NA;NA;NA;NA;NA;NA
162;Pinues radiata;7;27;0;27 0 NA;NA;NA;4;1087;1.61;NA;NA;1;1;1;1;1;NA;NA;NA;NA;NA;NA;NA;NA;NA;NA;NA;NA;NA;NA;NA;NA;NA;NA;1;NA;NA;NA;1;3
162;Pinues radiata;7;27;0;27 0 NA;NA;NA;5;1087;3.35;NA;NA;3;3;3;3;3;NA;NA;NA;NA;NA;NA;NA;NA;NA;NA;NA;NA;NA;NA;NA;NA;NA;NA;3;NA;NA;NA;6;9
162;Pinues radiata;7;27;0;27 0 NA;NA;NA;6;1086;5.84;NA;NA;7;4;7;7;7;NA;NA;NA;NA;NA;NA;NA;NA;NA;NA;NA;NA;NA;NA;3;NA;NA;NA;7;NA;NA;NA;12;19
162;Pinues radiata;7;27;0;27 0 NA;NA;NA;7;1085;8.79;NA;NA;12;3;10;10;12;NA;NA;NA;NA;NA;NA;NA;NA;NA;NA;NA;NA;NA;NA;9;2;2;NA;12;NA;NA;NA;16;28
162;Pinues radiata;7;27;0;27 0 NA;NA;NA;8;1083;12.07;NA;NA;19;2;11;11;19;NA;NA;NA;NA;NA;NA;NA;NA;NA;NA;NA;NA;NA;NA;17;8;8;NA;19;NA;NA;NA;19;38
162;Pinues radiata;7;27;0;27 0 NA;NA;NA;9;1080;15.47;NA;NA;26;4;9;9;24;NA;NA;NA;NA;NA;NA;NA;NA;NA;NA;NA;NA;NA;NA;22;17;17;2;26;NA;NA;NA;22;48
162;Pinues radiata;7;27;0;27 0 NA;NA;NA;10;1076;18.92;NA;NA;35;8;8;8;30;NA;NA;NA;NA;NA;NA;NA;NA;NA;NA;NA;NA;NA;NA;28;27;27;6;35;NA;NA;NA;25;60
162;Pinues radiata;7;27;0;27 0 NA;NA;NA;11;1072;22.36;NA;NA;45;14;10;10;34;NA;NA;NA;NA;NA;NA;NA;NA;NA;NA;NA;NA;NA;NA;31;34;34;11;45;NA;NA;NA;27;72
162;Pinues radiata;7;27;0;27 0 NA;NA;NA;12;1067;25.76;NA;NA;55;22;12;12;37;NA;NA;NA;NA;NA;NA;NA;NA;NA;NA;NA;NA;NA;NA;33;43;43;18;55;NA;NA;NA;29;84
162;Pinues radiata;7;27;0;27 0 NA;NA;NA;13;1062;29.09;NA;NA;67;32;17;17;38;NA;NA;NA;NA;NA;NA;NA;NA;NA;NA;NA;NA;NA;NA;35;50;50;28;67;NA;NA;NA;32;99
162;Pinues radiata;7;27;0;27 0 NA;NA;NA;14;1056;32.33;NA;NA;78;42;21;21;39;NA;NA;NA;NA;NA;NA;NA;NA;NA;NA;NA;NA;NA;NA;37;57;57;39;78;NA;NA;NA;34;112
162;Pinues radiata;7;27;0;27 0 NA;NA;NA;15;1049;35.45;NA;NA;90;53;29;29;44;NA;NA;NA;NA;NA;NA;NA;NA;NA;NA;NA;NA;NA;NA;38;61;61;46;90;NA;NA;NA;37;127
162;Pinues radiata;7;27;0;27 0 NA;NA;NA;16;1041;38.44;NA;NA;102;64;37;37;46;NA;NA;NA;NA;NA;NA;NA;NA;NA;NA;NA;NA;NA;NA;39;66;66;56;102;NA;NA;NA;39;141
162;Pinues radiata;7;27;0;27 0 NA;NA;NA;17;1032;41.3;NA;NA;115;75;45;45;49;NA;NA;NA;NA;NA;NA;NA;NA;NA;NA;NA;NA;NA;NA;39;70;70;66;115;NA;NA;NA;41;156
162;Pinues radiata;7;27;0;27 0 NA;NA;NA;18;1023;44.03;NA;NA;146;101;63;63;63;NA;NA;NA;NA;NA;NA;NA;NA;NA;NA;NA;NA;NA;NA;46;84;84;83;146;NA;NA;NA;50;196
162;Pinues radiata;7;27;0;27 0 NA;NA;NA;19;1013;46.61;NA;NA;161;114;73;73;66;NA;NA;NA;NA;NA;NA;NA;NA;NA;NA;NA;NA;NA;NA;47;87;87;95;161;NA;NA;NA;53;214
162;Pinues radiata;7;27;0;27 0 NA;NA;NA;20;1003;49.05;NA;NA;174;128;85;85;68;NA;NA;NA;NA;NA;NA;NA;NA;NA;NA;NA;NA;NA;NA;47;90;90;107;174;NA;NA;NA;56;230
162;Pinues radiata;7;27;0;27 0 NA;NA;NA;21;991;51.35;NA;NA;188;141;97;97;72;NA;NA;NA;NA;NA;NA;NA;NA;NA;NA;NA;NA;NA;NA;47;92;92;116;188;NA;NA;NA;59;247
162;Pinues radiata;7;27;0;27 0 NA;NA;NA;22;980;53.52;NA;NA;201;154;108;108;79;NA;NA;NA;NA;NA;NA;NA;NA;NA;NA;NA;NA;NA;NA;47;93;93;122;201;NA;NA;NA;61;262
162;Pinues radiata;7;27;0;27 0 NA;NA;NA;23;967;55.55;NA;NA;214;167;119;119;83;NA;NA;NA;NA;NA;NA;NA;NA;NA;NA;NA;NA;NA;NA;47;95;95;131;214;NA;NA;NA;63;277
162;Pinues radiata;7;27;0;27 0 NA;NA;NA;24;954;57.45;NA;NA;227;180;131;131;89;NA;NA;NA;NA;NA;NA;NA;NA;NA;NA;NA;NA;NA;NA;47;96;96;138;227;NA;NA;NA;65;292
162;Pinues radiata;7;27;0;27 0 NA;NA;NA;25;941;59.23;NA;NA;239;192;142;142;96;NA;NA;NA;NA;NA;NA;NA;NA;NA;NA;NA;NA;NA;NA;46;96;96;142;239;NA;NA;NA;66;305
162;Pinues radiata;7;27;0;27 0 NA;NA;NA;26;927;60.88;NA;NA;250;205;154;154;102;NA;NA;NA;NA;NA;NA;NA;NA;NA;NA;NA;NA;NA;NA;45;96;96;149;250;NA;NA;NA;68;318
162;Pinues radiata;7;27;0;27 0 NA;NA;NA;27;913;62.43;NA;NA;261;216;165;165;108;NA;NA;NA;NA;NA;NA;NA;NA;NA;NA;NA;NA;NA;NA;45;96;96;153;261;NA;NA;NA;70;331
162;Pinues radiata;7;27;0;27 0 NA;NA;NA;28;898;63.86;NA;NA;273;228;176;176;114;NA;NA;NA;NA;NA;NA;NA;NA;NA;NA;NA;NA;NA;NA;45;97;97;159;273;NA;NA;NA;72;345
162;Pinues radiata;7;27;0;27 0 NA;NA;NA;29;883;65.2;NA;NA;283;239;187;187;122;NA;NA;NA;NA;NA;NA;NA;NA;NA;NA;NA;NA;NA;NA;44;96;96;161;283;NA;NA;NA;73;356
162;Pinues radiata;7;27;0;27 0 NA;NA;NA;30;868;66.43;NA;NA;293;250;197;197;131;NA;NA;NA;NA;NA;NA;NA;NA;NA;NA;NA;NA;NA;NA;43;95;95;162;293;NA;NA;NA;75;368
163;Pinues radiata;7;32;1;32 1 Intensivo;Intensivo;NA;0;1250;NA;NA;NA;NA;NA;NA;NA;NA;NA;NA;NA;NA;NA;NA;NA;NA;NA;NA;NA;NA;NA;NA;NA;NA;NA;NA;NA;NA;NA;NA;NA;NA
164;Pinues radiata;7;32;1;32 1 Intensivo;Intensivo;NA;1;1112;NA;NA;NA;NA;NA;NA;NA;NA;NA;NA;NA;NA;NA;NA;NA;NA;NA;NA;NA;NA;NA;NA;NA;NA;NA;NA;NA;NA;NA;NA;NA;NA
165;Pinues radiata;7;32;1;32 1 Intensivo;Intensivo;NA;2;1075;0.06;NA;NA;NA;NA;NA;NA;NA;NA;NA;NA;NA;NA;NA;NA;NA;NA;NA;NA;NA;NA;NA;NA;NA;NA;NA;NA;NA;NA;NA;NA;NA
166;Pinues radiata;7;32;1;32 1 Intensivo;Intensivo;NA;3;1049;0.41;NA;NA;NA;NA;NA;NA;NA;NA;NA;NA;NA;NA;NA;NA;NA;NA;NA;NA;NA;NA;NA;NA;NA;NA;NA;NA;NA;NA;NA;NA;NA
167;Pinues radiata;7;32;1;32 1 Intensivo;Intensivo;NA;4;1029;4.89;NA;NA;5;NA;NA;NA;NA;NA;NA;NA;NA;NA;NA;NA;NA;NA;NA;NA;NA;NA;NA;5;5;5;5;5;NA;NA;NA;9;14
168;Pinues radiata;7;32;1;32 1 Intensivo;Intensivo;Po/Ra;5;1029;7.34;NA;NA;9;2;NA;NA;NA;NA;NA;NA;NA;NA;NA;NA;NA;NA;NA;NA;NA;NA;NA;8;9;9;9;9;NA;NA;NA;16;25
169;Pinues radiata;7;32;1;32 1 Intensivo;Intensivo;NA;5;700;5.65;NA;NA;7;1;NA;NA;NA;NA;NA;NA;NA;NA;NA;NA;NA;NA;NA;NA;NA;NA;NA;6;7;7;7;7;NA;NA;NA;12;19
170;Pinues radiata;7;32;1;32 1 Intensivo;Intensivo;Poda;6;700;8.44;NA;NA;12;7;NA;NA;NA;NA;NA;NA;NA;NA;NA;NA;NA;NA;NA;NA;NA;NA;NA;5;12;12;12;12;NA;NA;NA;15;27
171;Pinues radiata;7;32;1;32 1 Intensivo;Intensivo;Poda;7;700;11.41;NA;NA;17;12;1;NA;NA;NA;NA;NA;NA;NA;NA;NA;NA;NA;NA;NA;NA;NA;NA;5;16;17;17;17;NA;NA;NA;18;35
172;Pinues radiata;7;32;1;32 1 Intensivo;Intensivo;NA;8;700;14.73;NA;NA;24;20;6;1;NA;NA;NA;NA;NA;NA;NA;NA;NA;NA;NA;NA;NA;NA;NA;5;19;23;24;24;NA;NA;NA;20;44
173;Pinues radiata;7;32;1;32 1 Intensivo;Intensivo;NA;9;700;18.23;NA;NA;33;28;14;2;NA;NA;NA;NA;NA;NA;NA;NA;NA;NA;NA;NA;NA;NA;NA;5;20;32;33;33;NA;NA;NA;22;55
174;Pinues radiata;7;32;1;32 1 Intensivo;Intensivo;Raleo;10;700;21.84;NA;NA;43;38;23;5;NA;NA;NA;NA;NA;NA;NA;NA;NA;NA;NA;NA;NA;NA;NA;5;20;38;43;43;NA;NA;NA;25;68
175;Pinues radiata;7;32;1;32 1 Intensivo;Intensivo;NA;10;300;12.2;NA;NA;24;22;17;5;NA;NA;NA;NA;NA;NA;NA;NA;NA;NA;NA;NA;NA;NA;NA;2;7;19;24;24;NA;NA;NA;15;39
176;Pinues radiata;7;32;1;32 1 Intensivo;Intensivo;NA;11;300;16.48;NA;NA;34;32;27;16;NA;NA;NA;NA;NA;NA;NA;NA;NA;NA;NA;NA;NA;NA;NA;2;7;18;34;34;NA;NA;NA;17;51
177;Pinues radiata;7;32;1;32 1 Intensivo;Intensivo;NA;12;300;19.7;NA;NA;44;42;37;27;3;NA;NA;NA;NA;NA;NA;NA;NA;NA;NA;NA;NA;NA;NA;2;7;17;41;44;NA;NA;NA;19;63
178;Pinues radiata;7;32;1;32 1 Intensivo;Intensivo;NA;13;300;23.15;NA;NA;55;53;48;38;8;NA;NA;NA;NA;NA;NA;NA;NA;NA;NA;NA;NA;NA;NA;2;7;16;46;55;NA;NA;NA;22;77
179;Pinues radiata;7;32;1;32 1 Intensivo;Intensivo;NA;14;300;26.49;NA;NA;67;65;60;50;15;NA;NA;NA;NA;NA;NA;NA;NA;NA;NA;NA;NA;NA;NA;2;7;16;52;67;NA;NA;NA;24;91
180;Pinues radiata;7;32;1;32 1 Intensivo;Intensivo;NA;15;300;29.71;NA;NA;79;77;72;63;24;NA;NA;NA;NA;NA;NA;NA;NA;NA;NA;NA;NA;NA;NA;2;7;16;55;79;NA;NA;NA;27;106
181;Pinues radiata;7;32;1;32 1 Intensivo;Intensivo;NA;16;300;32.81;NA;NA;92;90;85;75;34;NA;NA;NA;NA;NA;NA;NA;NA;NA;NA;NA;NA;NA;NA;2;7;17;58;92;NA;NA;NA;29;121
182;Pinues radiata;7;32;1;32 1 Intensivo;Intensivo;NA;17;300;35.77;NA;NA;105;103;98;89;46;NA;NA;NA;NA;NA;NA;NA;NA;NA;NA;NA;NA;NA;NA;2;7;17;59;105;NA;NA;NA;32;137
183;Pinues radiata;7;32;1;32 1 Intensivo;Intensivo;NA;18;300;38.59;NA;NA;137;135;129;117;58;NA;NA;NA;NA;NA;NA;NA;NA;NA;NA;NA;NA;NA;NA;2;8;20;79;137;NA;NA;NA;40;177
184;Pinues radiata;7;32;1;32 1 Intensivo;Intensivo;NA;19;300;41.27;NA;NA;152;150;144;133;80;NA;NA;NA;NA;NA;NA;NA;NA;NA;NA;NA;NA;NA;NA;2;8;20;72;152;NA;NA;NA;43;195
185;Pinues radiata;7;32;1;32 1 Intensivo;Intensivo;NA;20;300;43.8;NA;NA;168;166;160;148;95;NA;NA;NA;NA;NA;NA;NA;NA;NA;NA;NA;NA;NA;NA;2;8;20;74;168;NA;NA;NA;46;214
186;Pinues radiata;7;32;1;32 1 Intensivo;Intensivo;NA;21;300;46.18;NA;NA;183;181;175;164;109;NA;NA;NA;NA;NA;NA;NA;NA;NA;NA;NA;NA;NA;NA;2;8;20;74;183;NA;NA;NA;49;232
187;Pinues radiata;7;32;1;32 1 Intensivo;Intensivo;NA;22;300;48.42;NA;NA;198;196;190;178;123;NA;NA;NA;NA;NA;NA;NA;NA;NA;NA;NA;NA;NA;NA;2;8;20;75;198;NA;NA;NA;52;250
188;Pinues radiata;7;32;1;32 1 Intensivo;Intensivo;NA;23;300;50.52;NA;NA;213;211;205;193;137;NA;NA;NA;NA;NA;NA;NA;NA;NA;NA;NA;NA;NA;NA;2;8;20;76;213;NA;NA;NA;54;267
189;Pinues radiata;7;32;1;32 1 Intensivo;Intensivo;NA;24;300;52.49;NA;NA;227;225;219;207;151;NA;NA;NA;NA;NA;NA;NA;NA;NA;NA;NA;NA;NA;NA;2;8;20;76;227;NA;NA;NA;57;284
190;Pinues radiata;7;32;1;32 1 Intensivo;Intensivo;NA;25;300;54.32;NA;NA;241;239;233;221;165;NA;NA;NA;NA;NA;NA;NA;NA;NA;NA;NA;NA;NA;NA;2;8;20;76;241;NA;NA;NA;59;300
191;Pinues radiata;7;32;1;32 1 Intensivo;Intensivo;NA;26;300;56.04;NA;NA;255;252;246;234;179;NA;NA;NA;NA;NA;NA;NA;NA;NA;NA;NA;NA;NA;NA;2;9;21;75;255;NA;NA;NA;62;317
192;Pinues radiata;7;32;1;32 1 Intensivo;Intensivo;NA;27;300;57.63;NA;NA;267;265;259;247;192;NA;NA;NA;NA;NA;NA;NA;NA;NA;NA;NA;NA;NA;NA;2;8;21;75;267;NA;NA;NA;64;331
193;Pinues radiata;7;32;1;32 1 Intensivo;Intensivo;NA;28;300;59.11;NA;NA;280;278;271;259;204;NA;NA;NA;NA;NA;NA;NA;NA;NA;NA;NA;NA;NA;NA;2;9;21;75;280;NA;NA;NA;66;346
194;Pinues radiata;7;32;1;32 1 Intensivo;Intensivo;NA;29;300;60.49;NA;NA;291;289;283;270;216;NA;NA;NA;NA;NA;NA;NA;NA;NA;NA;NA;NA;NA;NA;2;9;21;75;291;NA;NA;NA;68;359
195;Pinues radiata;7;32;1;32 1 Intensivo;Intensivo;NA;30;300;61.76;NA;NA;302;300;294;281;227;NA;NA;NA;NA;NA;NA;NA;NA;NA;NA;NA;NA;NA;NA;2;8;21;75;302;NA;NA;NA;70;372
196;Pinues radiata;7;29;1;29 1 Intensivo2;Intensivo2;NA;0;1250;NA;NA;NA;NA;NA;NA;NA;NA;NA;NA;NA;NA;NA;NA;NA;NA;NA;NA;NA;NA;NA;NA;NA;NA;NA;NA;NA;NA;NA;NA;NA;NA
197;Pinues radiata;7;29;1;29 1 Intensivo3;Intensivo3;NA;1;1112;NA;NA;NA;NA;NA;NA;NA;NA;NA;NA;NA;NA;NA;NA;NA;NA;NA;NA;NA;NA;NA;NA;NA;NA;NA;NA;NA;NA;NA;NA;NA;NA
198;Pinues radiata;7;29;1;29 1 Intensivo4;Intensivo4;NA;2;1075;0.04;NA;NA;NA;NA;NA;NA;NA;NA;NA;NA;NA;NA;NA;NA;NA;NA;NA;NA;NA;NA;NA;NA;NA;NA;NA;NA;NA;NA;NA;NA;NA
199;Pinues radiata;7;29;1;29 1 Intensivo5;Intensivo5;NA;3;1049;0.29;NA;NA;NA;NA;NA;NA;NA;NA;NA;NA;NA;NA;NA;NA;NA;NA;NA;NA;NA;NA;NA;NA;NA;NA;NA;NA;NA;NA;NA;NA;NA
200;Pinues radiata;7;29;1;29 1 Intensivo6;Intensivo6;NA;4;1029;3.51;NA;NA;3;NA;NA;NA;NA;NA;NA;NA;NA;NA;NA;NA;NA;NA;NA;NA;NA;NA;NA;3;3;3;3;3;NA;NA;NA;6;9
201;Pinues radiata;7;29;1;29 1 Intensivo7;Intensivo7;Po/Ra;5;1029;5.78;NA;NA;7;NA;NA;NA;NA;NA;NA;NA;NA;NA;NA;NA;NA;NA;NA;NA;NA;NA;NA;7;7;7;7;7;NA;NA;NA;13;20
202;Pinues radiata;7;29;1;29 1 Intensivo8;Intensivo8;NA;5;700;4.45;NA;NA;5;NA;NA;NA;NA;NA;NA;NA;NA;NA;NA;NA;NA;NA;NA;NA;NA;NA;NA;5;5;5;5;5;NA;NA;NA;8;13
203;Pinues radiata;7;29;1;29 1 Intensivo9;Intensivo9;Poda;6;700;6.97;NA;NA;9;4;NA;NA;NA;NA;NA;NA;NA;NA;NA;NA;NA;NA;NA;NA;NA;NA;NA;5;9;9;9;9;NA;NA;NA;11;20
204;Pinues radiata;7;29;1;29 1 Intensivo10;Intensivo10;Poda;7;700;9.66;NA;NA;13;8;NA;NA;NA;NA;NA;NA;NA;NA;NA;NA;NA;NA;NA;NA;NA;NA;NA;5;13;13;13;13;NA;NA;NA;13;26
205;Pinues radiata;7;29;1;29 1 Intensivo11;Intensivo11;NA;8;700;12.74;NA;NA;20;15;3;NA;NA;NA;NA;NA;NA;NA;NA;NA;NA;NA;NA;NA;NA;NA;NA;5;17;20;20;20;NA;NA;NA;15;35
206;Pinues radiata;7;29;1;29 1 Intensivo12;Intensivo12;NA;9;700;16.01;NA;NA;27;22;8;2;NA;NA;NA;NA;NA;NA;NA;NA;NA;NA;NA;NA;NA;NA;NA;5;18;25;27;27;NA;NA;NA;17;44
207;Pinues radiata;7;29;1;29 1 Intensivo13;Intensivo13;NA;10;700;19.4;NA;NA;35;30;16;4;NA;NA;NA;NA;NA;NA;NA;NA;NA;NA;NA;NA;NA;NA;NA;5;19;31;35;35;NA;NA;NA;19;54
208;Pinues radiata;7;29;1;29 1 Intensivo14;Intensivo14;Raleo;11;700;22.85;NA;NA;45;39;25;8;NA;NA;NA;NA;NA;NA;NA;NA;NA;NA;NA;NA;NA;NA;NA;5;19;36;45;45;NA;NA;NA;29;74
209;Pinues radiata;7;29;1;29 1 Intensivo15;Intensivo15;NA;11;400;15.78;NA;NA;30;28;21;7;NA;NA;NA;NA;NA;NA;NA;NA;NA;NA;NA;NA;NA;NA;NA;3;9;23;30;30;NA;NA;NA;15;45
210;Pinues radiata;7;29;1;29 1 Intensivo16;Intensivo16;NA;12;400;19.48;NA;NA;40;37;31;16;6;NA;NA;NA;NA;NA;NA;NA;NA;NA;NA;NA;NA;NA;NA;3;9;24;34;40;NA;NA;NA;18;58
211;Pinues radiata;7;29;1;29 1 Intensivo17;Intensivo17;NA;13;400;22.73;NA;NA;50;47;40;25;7;NA;NA;NA;NA;NA;NA;NA;NA;NA;NA;NA;NA;NA;NA;3;9;25;43;50;NA;NA;NA;20;70
212;Pinues radiata;7;29;1;29 1 Intensivo18;Intensivo18;NA;14;400;26.01;NA;NA;60;58;51;35;11;NA;NA;NA;NA;NA;NA;NA;NA;NA;NA;NA;NA;NA;NA;3;9;25;49;60;NA;NA;NA;22;82
213;Pinues radiata;7;29;1;29 1 Intensivo19;Intensivo19;NA;15;400;29.19;NA;NA;72;69;62;46;14;NA;NA;NA;NA;NA;NA;NA;NA;NA;NA;NA;NA;NA;NA;3;10;25;57;72;NA;NA;NA;25;97
214;Pinues radiata;7;29;1;29 1 Intensivo20;Intensivo20;NA;16;400;32.25;NA;NA;83;80;73;58;20;NA;NA;NA;NA;NA;NA;NA;NA;NA;NA;NA;NA;NA;NA;3;10;25;63;83;NA;NA;NA;27;110
215;Pinues radiata;7;29;1;29 1 Intensivo21;Intensivo21;NA;17;400;35.16;NA;NA;95;92;85;69;28;NA;NA;NA;NA;NA;NA;NA;NA;NA;NA;NA;NA;NA;NA;3;10;26;67;95;NA;NA;NA;30;125
216;Pinues radiata;7;29;1;29 1 Intensivo22;Intensivo22;NA;18;400;37.94;NA;NA;123;120;112;93;42;NA;NA;NA;NA;NA;NA;NA;NA;NA;NA;NA;NA;NA;NA;3;11;30;81;123;NA;NA;NA;37;160
217;Pinues radiata;7;29;1;29 1 Intensivo23;Intensivo23;NA;19;400;40.57;NA;NA;137;134;125;107;51;NA;NA;NA;NA;NA;NA;NA;NA;NA;NA;NA;NA;NA;NA;3;12;30;86;137;NA;NA;NA;40;177
218;Pinues radiata;7;29;1;29 1 Intensivo24;Intensivo24;NA;20;400;43.06;NA;NA;151;147;139;120;62;NA;NA;NA;NA;NA;NA;NA;NA;NA;NA;NA;NA;NA;NA;3;12;30;89;151;NA;NA;NA;42;193
219;Pinues radiata;7;29;1;29 1 Intensivo25;Intensivo25;NA;21;400;45.41;NA;NA;164;161;152;134;72;NA;NA;NA;NA;NA;NA;NA;NA;NA;NA;NA;NA;NA;NA;3;12;30;93;164;NA;NA;NA;45;209
220;Pinues radiata;7;29;1;29 1 Intensivo26;Intensivo26;NA;22;400;47.61;NA;NA;178;174;166;147;83;NA;NA;NA;NA;NA;NA;NA;NA;NA;NA;NA;NA;NA;NA;3;12;31;95;178;NA;NA;NA;48;226
221;Pinues radiata;7;29;1;29 1 Intensivo27;Intensivo27;NA;23;400;49.68;NA;NA;191;188;179;160;94;NA;NA;NA;NA;NA;NA;NA;NA;NA;NA;NA;NA;NA;NA;3;12;31;97;191;NA;NA;NA;50;241
222;Pinues radiata;7;29;1;29 1 Intensivo28;Intensivo28;NA;24;400;51.62;NA;NA;204;200;191;173;104;NA;NA;NA;NA;NA;NA;NA;NA;NA;NA;NA;NA;NA;NA;3;12;31;100;204;NA;NA;NA;52;256
223;Pinues radiata;7;29;1;29 1 Intensivo29;Intensivo29;NA;25;400;53.42;NA;NA;216;213;204;185;114;NA;NA;NA;NA;NA;NA;NA;NA;NA;NA;NA;NA;NA;NA;3;12;31;102;216;NA;NA;NA;55;271
224;Pinues radiata;7;29;1;29 1 Intensivo30;Intensivo30;NA;26;400;55.11;NA;NA;228;224;215;197;124;NA;NA;NA;NA;NA;NA;NA;NA;NA;NA;NA;NA;NA;NA;3;12;31;104;228;NA;NA;NA;57;285
225;Pinues radiata;7;29;1;29 1 Intensivo31;Intensivo31;NA;27;400;56.88;NA;NA;239;236;227;208;134;NA;NA;NA;NA;NA;NA;NA;NA;NA;NA;NA;NA;NA;NA;3;12;31;105;239;NA;NA;NA;59;298
226;Pinues radiata;7;29;1;29 1 Intensivo32;Intensivo32;NA;28;400;58.14;NA;NA;250;246;237;219;143;NA;NA;NA;NA;NA;NA;NA;NA;NA;NA;NA;NA;NA;NA;3;12;31;107;250;NA;NA;NA;61;311
227;Pinues radiata;7;29;1;29 1 Intensivo33;Intensivo33;NA;29;400;59.49;NA;NA;260;257;248;229;153;NA;NA;NA;NA;NA;NA;NA;NA;NA;NA;NA;NA;NA;NA;3;13;32;108;260;NA;NA;NA;63;323
228;Pinues radiata;7;29;1;29 1 Intensivo34;Intensivo34;NA;30;400;60.74;NA;NA;270;267;257;239;162;NA;NA;NA;NA;NA;NA;NA;NA;NA;NA;NA;NA;NA;NA;3;13;32;108;270;NA;NA;NA;64;334
229;Pinues radiata;7;26;1;26 1 Multipropósito;Multipropósito;NA;0;1250;NA;NA;NA;NA;NA;NA;NA;NA;NA;NA;NA;NA;NA;NA;NA;NA;NA;NA;NA;NA;NA;NA;NA;NA;NA;NA;NA;NA;NA;NA;NA;NA
230;Pinues radiata;7;26;1;26 1 Multipropósito;Multipropósito;NA;1;1112;NA;NA;NA;NA;NA;NA;NA;NA;NA;NA;NA;NA;NA;NA;NA;NA;NA;NA;NA;NA;NA;NA;NA;NA;NA;NA;NA;NA;NA;NA;NA;NA
231;Pinues radiata;7;26;1;26 1 Multipropósito;Multipropósito;NA;2;1075;0.03;NA;NA;NA;NA;NA;NA;NA;NA;NA;NA;NA;NA;NA;NA;NA;NA;NA;NA;NA;NA;NA;NA;NA;NA;NA;NA;NA;NA;NA;NA;NA
232;Pinues radiata;7;26;1;26 1 Multipropósito;Multipropósito;NA;3;1049;0.2;NA;NA;NA;NA;NA;NA;NA;NA;NA;NA;NA;NA;NA;NA;NA;NA;NA;NA;NA;NA;NA;NA;NA;NA;NA;NA;NA;NA;NA;NA;NA
233;Pinues radiata;7;26;1;26 1 Multipropósito;Multipropósito;NA;4;1029;2.48;NA;NA;2;NA;NA;NA;NA;NA;NA;NA;NA;NA;NA;NA;NA;NA;NA;NA;NA;NA;NA;2;2;2;2;2;NA;NA;NA;4;6
234;Pinues radiata;7;26;1;26 1 Multipropósito;Multipropósito;NA;5;1029;4.51;NA;NA;5;NA;NA;NA;NA;NA;NA;NA;NA;NA;NA;NA;NA;NA;NA;NA;NA;NA;NA;5;5;5;5;5;NA;NA;NA;8;13
235;Pinues radiata;7;26;1;26 1 Multipropósito;Multipropósito;Po/Ra;6;1028;7.16;NA;NA;9;2;NA;NA;NA;NA;NA;NA;NA;NA;NA;NA;NA;NA;NA;NA;NA;NA;NA;7;9;9;9;9;NA;NA;NA;15;24
236;Pinues radiata;7;26;1;26 1 Multipropósito;Multipropósito;NA;6;700;5.51;NA;NA;7;2;NA;NA;NA;NA;NA;NA;NA;NA;NA;NA;NA;NA;NA;NA;NA;NA;NA;5;7;7;7;7;NA;NA;NA;9;16
237;Pinues radiata;7;26;1;26 1 Multipropósito;Multipropósito;NA;7;700;8.13;NA;NA;11;6;NA;NA;NA;NA;NA;NA;NA;NA;NA;NA;NA;NA;NA;NA;NA;NA;NA;5;11;11;11;11;NA;NA;NA;11;22
238;Pinues radiata;7;26;1;26 1 Multipropósito;Multipropósito;Poda;8;700;11.26;NA;NA;16;11;2;NA;NA;NA;NA;NA;NA;NA;NA;NA;NA;NA;NA;NA;NA;NA;NA;5;14;16;16;16;NA;NA;NA;13;29
239;Pinues radiata;7;26;1;26 1 Multipropósito;Multipropósito;NA;9;700;14.56;NA;NA;22;17;6;2;NA;NA;NA;NA;NA;NA;NA;NA;NA;NA;NA;NA;NA;NA;NA;5;16;20;22;22;NA;NA;NA;15;37
240;Pinues radiata;7;26;1;26 1 Multipropósito;Multipropósito;NA;10;700;17.98;NA;NA;29;24;12;4;NA;NA;NA;NA;NA;NA;NA;NA;NA;NA;NA;NA;NA;NA;NA;5;17;25;29;29;NA;NA;NA;16;45
241;Pinues radiata;7;26;1;26 1 Multipropósito;Multipropósito;NA;11;700;21.45;NA;NA;37;32;20;7;NA;NA;NA;NA;NA;NA;NA;NA;NA;NA;NA;NA;NA;NA;NA;5;17;30;37;37;NA;NA;NA;19;56
242;Pinues radiata;7;26;1;26 1 Multipropósito;Multipropósito;Raleo;12;700;24.87;NA;NA;46;41;28;12;NA;NA;NA;NA;NA;NA;NA;NA;NA;NA;NA;NA;NA;NA;NA;5;18;33;46;46;NA;NA;NA;27;73
243;Pinues radiata;7;26;1;26 1 Multipropósito;Multipropósito;NA;12;400;17.17;NA;NA;31;29;22;11;8;NA;NA;NA;NA;NA;NA;NA;NA;NA;NA;NA;NA;NA;NA;2;9;20;23;31;NA;NA;NA;14;45
244;Pinues radiata;7;26;1;26 1 Multipropósito;Multipropósito;NA;13;400;20.54;NA;NA;39;37;30;18;10;NA;NA;NA;NA;NA;NA;NA;NA;NA;NA;NA;NA;NA;NA;3;9;21;30;39;NA;NA;NA;16;56
245;Pinues radiata;7;26;1;26 1 Multipropósito;Multipropósito;NA;14;400;23.66;NA;NA;48;46;39;26;13;NA;NA;NA;NA;NA;NA;NA;NA;NA;NA;NA;NA;NA;NA;3;9;22;35;48;NA;NA;NA;18;66
246;Pinues radiata;7;26;1;26 1 Multipropósito;Multipropósito;NA;15;400;26.76;NA;NA;58;55;48;35;16;NA;NA;NA;NA;NA;NA;NA;NA;NA;NA;NA;NA;NA;NA;3;9;23;42;58;NA;NA;NA;21;79
247;Pinues radiata;7;26;1;26 1 Multipropósito;Multipropósito;NA;16;400;29.76;NA;NA;67;65;58;44;21;NA;NA;NA;NA;NA;NA;NA;NA;NA;NA;NA;NA;NA;NA;3;9;23;46;67;NA;NA;NA;23;90
248;Pinues radiata;7;26;1;26 1 Multipropósito;Multipropósito;NA;17;400;32.62;NA;NA;77;74;68;53;26;NA;NA;NA;NA;NA;NA;NA;NA;NA;NA;NA;NA;NA;NA;3;9;24;51;77;NA;NA;NA;25;102
249;Pinues radiata;7;26;1;26 1 Multipropósito;Multipropósito;NA;18;400;35.34;NA;NA;101;98;90;73;37;NA;NA;NA;NA;NA;NA;NA;NA;NA;NA;NA;NA;NA;NA;3;11;28;64;101;NA;NA;NA;31;132
250;Pinues radiata;7;26;1;26 1 Multipropósito;Multipropósito;NA;19;400;37.93;NA;NA;113;109;101;84;45;NA;NA;NA;NA;NA;NA;NA;NA;NA;NA;NA;NA;NA;NA;3;11;29;68;113;NA;NA;NA;33;146
251;Pinues radiata;7;26;1;26 1 Multipropósito;Multipropósito;NA;20;400;40.37;NA;NA;124;121;113;95;53;NA;NA;NA;NA;NA;NA;NA;NA;NA;NA;NA;NA;NA;NA;3;11;29;71;124;NA;NA;NA;36;160
252;Pinues radiata;7;26;1;26 1 Multipropósito;Multipropósito;NA;21;400;42.67;NA;NA;136;132;125;107;62;NA;NA;NA;NA;NA;NA;NA;NA;NA;NA;NA;NA;NA;NA;3;11;29;74;136;NA;NA;NA;38;174
253;Pinues radiata;7;26;1;26 1 Multipropósito;Multipropósito;NA;22;400;44.83;NA;NA;147;144;136;118;70;NA;NA;NA;NA;NA;NA;NA;NA;NA;NA;NA;NA;NA;NA;3;11;29;77;147;NA;NA;NA;40;187
254;Pinues radiata;7;26;1;26 1 Multipropósito;Multipropósito;NA;23;400;46.86;NA;NA;158;155;147;129;79;NA;NA;NA;NA;NA;NA;NA;NA;NA;NA;NA;NA;NA;NA;3;12;30;80;158;NA;NA;NA;42;200
255;Pinues radiata;7;26;1;26 1 Multipropósito;Multipropósito;NA;24;400;48.76;NA;NA;169;166;158;139;88;NA;NA;NA;NA;NA;NA;NA;NA;NA;NA;NA;NA;NA;NA;3;12;30;81;169;NA;NA;NA;44;213
256;Pinues radiata;7;26;1;26 1 Multipropósito;Multipropósito;NA;25;400;50.54;NA;NA;180;176;168;150;97;NA;NA;NA;NA;NA;NA;NA;NA;NA;NA;NA;NA;NA;NA;3;12;30;83;180;NA;NA;NA;46;226
257;Pinues radiata;7;26;1;26 1 Multipropósito;Multipropósito;NA;26;400;52.19;NA;NA;190;187;179;160;106;NA;NA;NA;NA;NA;NA;NA;NA;NA;NA;NA;NA;NA;NA;3;12;30;84;190;NA;NA;NA;48;238
258;Pinues radiata;7;26;1;26 1 Multipropósito;Multipropósito;NA;27;400;53.73;NA;NA;200;197;188;170;114;NA;NA;NA;NA;NA;NA;NA;NA;NA;NA;NA;NA;NA;NA;3;12;30;86;200;NA;NA;NA;50;250
259;Pinues radiata;7;26;1;26 1 Multipropósito;Multipropósito;NA;28;400;55.16;NA;NA;209;206;197;179;121;NA;NA;NA;NA;NA;NA;NA;NA;NA;NA;NA;NA;NA;NA;3;12;30;88;209;NA;NA;NA;51;260
260;Pinues radiata;7;26;1;26 1 Multipropósito;Multipropósito;NA;29;400;56.49;NA;NA;218;215;206;188;129;NA;NA;NA;NA;NA;NA;NA;NA;NA;NA;NA;NA;NA;NA;3;12;30;89;218;NA;NA;NA;53;271
261;Pinues radiata;7;26;1;26 1 Multipropósito;Multipropósito;NA;30;400;57.72;NA;NA;227;223;215;196;135;NA;NA;NA;NA;NA;NA;NA;NA;NA;NA;NA;NA;NA;NA;3;12;31;91;227;NA;NA;NA;55;282
262;Pinues radiata;7;23;1;23 1 Pulpable;Pulpable;NA;0;1250;NA;NA;NA;NA;NA;NA;NA;NA;NA;NA;NA;NA;NA;NA;NA;NA;NA;NA;NA;NA;NA;NA;NA;NA;NA;NA;NA;NA;NA;NA;NA;NA
263;Pinues radiata;7;23;1;23 1 Pulpable;Pulpable;NA;1;1112;NA;NA;NA;NA;NA;NA;NA;NA;NA;NA;NA;NA;NA;NA;NA;NA;NA;NA;NA;NA;NA;NA;NA;NA;NA;NA;NA;NA;NA;NA;NA;NA
264;Pinues radiata;7;23;1;23 1 Pulpable;Pulpable;NA;2;1075;0.03;NA;NA;NA;NA;NA;NA;NA;NA;NA;NA;NA;NA;NA;NA;NA;NA;NA;NA;NA;NA;NA;NA;NA;NA;NA;NA;NA;NA;NA;NA;NA
265;Pinues radiata;7;23;1;23 1 Pulpable;Pulpable;NA;3;1049;0.15;NA;NA;NA;NA;NA;NA;NA;NA;NA;NA;NA;NA;NA;NA;NA;NA;NA;NA;NA;NA;NA;NA;NA;NA;NA;NA;NA;NA;NA;NA;NA
266;Pinues radiata;7;23;1;23 1 Pulpable;Pulpable;NA;4;1029;1.72;NA;NA;1;NA;NA;NA;NA;NA;NA;NA;NA;NA;NA;NA;NA;NA;NA;NA;NA;NA;NA;1;1;1;NA;1;NA;NA;NA;1;2
267;Pinues radiata;7;23;1;23 1 Pulpable;Pulpable;NA;5;1029;3.25;NA;NA;3;NA;NA;NA;NA;NA;NA;NA;NA;NA;NA;NA;NA;NA;NA;NA;NA;NA;NA;3;3;3;NA;3;NA;NA;NA;6;9
268;Pinues radiata;7;23;1;23 1 Pulpable;Pulpable;NA;6;1028;5.48;NA;NA;6;1;NA;NA;NA;NA;NA;NA;NA;NA;NA;NA;NA;NA;NA;NA;NA;NA;NA;5;6;6;NA;6;NA;NA;NA;11;17
269;Pinues radiata;7;23;1;23 1 Pulpable;Pulpable;NA;7;1027;8.28;NA;NA;10;3;NA;NA;NA;NA;NA;NA;NA;NA;NA;NA;NA;NA;NA;NA;NA;NA;NA;7;10;10;NA;10;NA;NA;NA;16;26
270;Pinues radiata;7;23;1;23 1 Pulpable;Pulpable;Raleo;8;1025;11.46;NA;NA;16;8;NA;NA;NA;NA;NA;NA;NA;NA;NA;NA;NA;NA;NA;NA;NA;NA;NA;8;16;16;NA;16;NA;NA;NA;20;36
271;Pinues radiata;7;23;1;23 1 Pulpable;Pulpable;NA;8;700;8.23;NA;NA;12;7;1;NA;NA;NA;NA;NA;NA;NA;NA;NA;NA;NA;NA;NA;NA;NA;NA;5;11;12;NA;12;NA;NA;NA;11;23
272;Pinues radiata;7;23;1;23 1 Pulpable;Pulpable;NA;9;700;11.96;NA;NA;18;13;3;NA;NA;NA;NA;NA;NA;NA;NA;NA;NA;NA;NA;NA;NA;NA;NA;5;15;18;2;18;NA;NA;NA;18;36
273;Pinues radiata;7;23;1;23 1 Pulpable;Pulpable;NA;10;700;15.24;NA;NA;24;20;8;4;NA;NA;NA;NA;NA;NA;NA;NA;NA;NA;NA;NA;NA;NA;NA;5;17;21;7;24;NA;NA;NA;20;44
274;Pinues radiata;7;23;1;23 1 Pulpable;Pulpable;NA;11;700;18.48;NA;NA;32;27;14;5;NA;NA;NA;NA;NA;NA;NA;NA;NA;NA;NA;NA;NA;NA;NA;5;18;27;13;32;NA;NA;NA;21;53
275;Pinues radiata;7;23;1;23 1 Pulpable;Pulpable;NA;12;700;21.64;NA;NA;40;34;21;8;NA;NA;NA;NA;NA;NA;NA;NA;NA;NA;NA;NA;NA;NA;NA;5;19;31;20;40;NA;NA;NA;22;62
276;Pinues radiata;7;23;1;23 1 Pulpable;Pulpable;NA;13;700;24.66;NA;NA;48;43;29;13;NA;NA;NA;NA;NA;NA;NA;NA;NA;NA;NA;NA;NA;NA;NA;5;19;34;28;48;NA;NA;NA;24;72
277;Pinues radiata;7;23;1;23 1 Pulpable;Pulpable;NA;14;700;27.54;NA;NA;56;51;37;19;NA;NA;NA;NA;NA;NA;NA;NA;NA;NA;NA;NA;NA;NA;NA;5;20;37;34;56;NA;NA;NA;25;81
278;Pinues radiata;7;23;1;23 1 Pulpable;Pulpable;NA;15;700;30.27;NA;NA;65;59;45;25;23;NA;NA;NA;NA;NA;NA;NA;NA;NA;NA;NA;NA;NA;NA;6;20;40;42;65;NA;NA;NA;27;92
279;Pinues radiata;7;23;1;23 1 Pulpable;Pulpable;NA;16;700;32.83;NA;NA;74;68;53;32;27;NA;NA;NA;NA;NA;NA;NA;NA;NA;NA;NA;NA;NA;NA;6;20;42;46;74;NA;NA;NA;29;103
280;Pinues radiata;7;23;1;23 1 Pulpable;Pulpable;NA;17;700;35.23;NA;NA;83;77;61;39;29;NA;NA;NA;NA;NA;NA;NA;NA;NA;NA;NA;NA;NA;NA;6;21;44;54;83;NA;NA;NA;30;113
281;Pinues radiata;7;23;1;23 1 Pulpable;Pulpable;NA;18;700;37.47;NA;NA;105;99;81;53;35;NA;NA;NA;NA;NA;NA;NA;NA;NA;NA;NA;NA;NA;NA;7;25;53;71;105;NA;NA;NA;37;142
282;Pinues radiata;7;23;1;23 1 Pulpable;Pulpable;NA;19;700;39.55;NA;NA;115;108;90;61;39;NA;NA;NA;NA;NA;NA;NA;NA;NA;NA;NA;NA;NA;NA;7;25;54;77;115;NA;NA;NA;38;153
283;Pinues radiata;7;23;1;23 1 Pulpable;Pulpable;NA;20;700;41.48;NA;NA;125;118;99;69;43;NA;NA;NA;NA;NA;NA;NA;NA;NA;NA;NA;NA;NA;NA;7;26;56;82;125;NA;NA;NA;40;165
284;Pinues radiata;7;23;1;23 1 Pulpable;Pulpable;NA;21;700;43.26;NA;NA;134;128;108;77;46;NA;NA;NA;NA;NA;NA;NA;NA;NA;NA;NA;NA;NA;NA;7;26;57;88;134;NA;NA;NA;42;176
285;Pinues radiata;7;23;1;23 1 Pulpable;Pulpable;NA;22;700;44.9;NA;NA;143;137;117;84;50;NA;NA;NA;NA;NA;NA;NA;NA;NA;NA;NA;NA;NA;NA;7;27;59;94;143;NA;NA;NA;43;186
286;Pinues radiata;7;23;1;23 1 Pulpable;Pulpable;NA;23;700;46.4;NA;NA;152;145;125;92;54;NA;NA;NA;NA;NA;NA;NA;NA;NA;NA;NA;NA;NA;NA;7;27;60;98;152;NA;NA;NA;45;197
287;Pinues radiata;7;23;1;23 1 Pulpable;Pulpable;NA;24;700;47.78;NA;NA;161;153;133;99;59;NA;NA;NA;NA;NA;NA;NA;NA;NA;NA;NA;NA;NA;NA;7;27;62;101;161;NA;NA;NA;46;207
288;Pinues radiata;7;23;1;23 1 Pulpable;Pulpable;NA;25;700;49.05;NA;NA;168;161;141;106;64;NA;NA;NA;NA;NA;NA;NA;NA;NA;NA;NA;NA;NA;NA;7;27;63;104;168;NA;NA;NA;47;215
289;Pinues radiata;7;23;1;23 1 Pulpable;Pulpable;NA;26;700;50.2;NA;NA;176;169;148;112;68;NA;NA;NA;NA;NA;NA;NA;NA;NA;NA;NA;NA;NA;NA;7;28;64;108;176;NA;NA;NA;49;225
290;Pinues radiata;7;23;1;23 1 Pulpable;Pulpable;NA;27;700;51.25;NA;NA;183;176;155;119;71;NA;NA;NA;NA;NA;NA;NA;NA;NA;NA;NA;NA;NA;NA;7;28;65;112;183;NA;NA;NA;50;233
291;Pinues radiata;7;23;1;23 1 Pulpable;Pulpable;NA;28;700;52.21;NA;NA;190;183;162;125;73;NA;NA;NA;NA;NA;NA;NA;NA;NA;NA;NA;NA;NA;NA;7;28;65;117;190;NA;NA;NA;51;241
292;Pinues radiata;7;23;1;23 1 Pulpable;Pulpable;NA;29;700;53.08;NA;NA;196;189;168;130;77;NA;NA;NA;NA;NA;NA;NA;NA;NA;NA;NA;NA;NA;NA;8;29;66;120;196;NA;NA;NA;52;248
293;Pinues radiata;7;23;1;23 1 Pulpable;Pulpable;NA;30;700;53.87;NA;NA;202;195;173;135;80;NA;NA;NA;NA;NA;NA;NA;NA;NA;NA;NA;NA;NA;NA;8;29;67;122;202;NA;NA;NA;53;255
294;Eucalyptus ;1;24;0;24 0 NA;NA;NA;0;800;0;0.5;0;NA;NA;NA;NA;NA;NA;NA;NA;NA;NA;NA;NA;NA;NA;NA;NA;NA;NA;NA;NA;NA;NA;NA;NA;NA;NA;NA;NA;NA
295;Eucalyptus ;1;24;0;24 0 NA;NA;NA;1;794;0.03;2.1;0;NA;NA;NA;NA;NA;NA;NA;NA;NA;NA;NA;NA;NA;NA;NA;NA;NA;NA;NA;NA;NA;NA;NA;NA;NA;NA;NA;NA;NA
296;Eucalyptus ;1;24;0;24 0 NA;NA;NA;2;786;1.53;5.3;0;NA;NA;NA;NA;NA;NA;NA;NA;NA;NA;NA;NA;NA;NA;NA;NA;NA;NA;NA;NA;NA;NA;NA;NA;NA;NA;NA;NA;NA
297;Eucalyptus ;1;24;0;24 0 NA;NA;NA;3;777;4.7;7.9;12;NA;NA;NA;NA;NA;14;7;NA;NA;NA;6;3;NA;NA;NA;3;6;6;6;NA;NA;NA;NA;NA;7;5;3;NA;21
298;Eucalyptus ;1;24;0;24 0 NA;NA;NA;4;765;8.35;10.5;15.4;NA;NA;NA;NA;NA;30;21;NA;NA;NA;13;9;NA;NA;NA;4;13;13;13;NA;NA;NA;NA;NA;4;3;3;NA;25
299;Eucalyptus ;1;24;0;24 0 NA;NA;NA;5;755;12.11;13;19.1;NA;NA;NA;NA;NA;51;42;6;NA;NA;23;19;3;NA;NA;4;20;23;23;NA;NA;NA;NA;NA;4;4;4;NA;36
300;Eucalyptus ;1;24;0;24 0 NA;NA;NA;6;745;15.74;15.4;21.8;NA;NA;NA;NA;NA;77;68;20;NA;NA;36;31;9;NA;NA;4;26;36;36;NA;NA;NA;NA;NA;5;5;6;NA;51
301;Eucalyptus ;1;24;0;24 0 NA;NA;NA;7;737;19.15;17.7;24.4;NA;NA;NA;NA;NA;106;96;41;1;NA;50;46;19;NA;NA;4;31;50;50;NA;NA;NA;NA;NA;6;6;8;NA;70
302;Eucalyptus ;1;24;0;24 0 NA;NA;NA;8;728;22.34;19.9;26.5;NA;NA;NA;NA;NA;138;129;66;6;NA;67;62;32;3;NA;5;35;64;67;NA;NA;NA;NA;NA;7;8;10;NA;92
303;Eucalyptus ;1;24;0;24 0 NA;NA;NA;9;720;25.31;22;28;NA;NA;NA;NA;NA;173;164;95;12;NA;85;81;47;6;NA;5;38;79;85;NA;NA;NA;NA;NA;8;10;13;NA;116
304;Eucalyptus ;1;24;0;24 0 NA;NA;NA;10;712;28.06;24;29.8;NA;NA;NA;NA;NA;209;200;127;27;NA;105;100;64;14;NA;5;41;91;105;NA;NA;NA;NA;NA;9;12;16;NA;142
305;Eucalyptus ;1;24;0;24 0 NA;NA;NA;11;704;30.63;25.9;31.6;NA;NA;NA;NA;NA;246;237;161;47;NA;126;121;82;24;NA;5;44;102;126;NA;NA;NA;NA;NA;11;14;19;NA;170
306;Eucalyptus ;1;24;0;24 0 NA;NA;NA;12;696;33.04;27.8;33.3;NA;NA;NA;NA;NA;284;275;197;69;3;148;143;102;36;2;5;46;112;146;NA;NA;NA;NA;NA;12;17;22;NA;199
307;Eucalyptus ;1;24;0;24 0 NA;NA;NA;13;687;35.29;29.6;34.4;NA;NA;NA;NA;NA;324;315;234;91;7;171;166;124;48;4;5;48;123;168;NA;NA;NA;NA;NA;14;20;26;NA;231
308;Eucalyptus ;1;24;0;24 0 NA;NA;NA;14;679;37.41;31.3;35.9;NA;NA;NA;NA;NA;364;355;272;119;16;195;190;146;64;9;5;49;131;186;NA;NA;NA;NA;NA;15;22;29;NA;262
309;Eucalyptus ;1;24;0;24 0 NA;NA;NA;15;671;39.42;32.9;37.4;NA;NA;NA;NA;NA;403;394;310;149;29;220;215;169;81;16;5;51;138;204;NA;NA;NA;NA;NA;16;25;33;NA;295
310;Eucalyptus ;1;24;0;24 0 NA;NA;NA;16;662;41.32;34.4;38.2;NA;NA;NA;NA;NA;445;436;350;179;39;246;241;193;99;22;5;52;147;224;NA;NA;NA;NA;NA;18;28;37;NA;329
311;Eucalyptus ;1;24;0;24 0 NA;NA;NA;17;654;43.13;35.9;39.7;NA;NA;NA;NA;NA;484;475;389;212;58;271;266;218;119;32;5;53;152;239;NA;NA;NA;NA;NA;20;31;40;NA;363
312;Eucalyptus ;1;24;0;24 0 NA;NA;NA;18;645;44.86;37.3;40.5;NA;NA;NA;NA;NA;525;516;430;244;74;298;293;244;138;42;5;54;160;256;NA;NA;NA;NA;NA;21;34;44;NA;399
313;Eucalyptus ;1;26;0;26 0 NA;NA;NA;0;800;0;0.5;0;NA;NA;NA;NA;NA;NA;NA;NA;NA;NA;NA;NA;NA;NA;NA;NA;NA;NA;NA;NA;NA;NA;NA;NA;NA;NA;NA;NA;NA
314;Eucalyptus ;1;26;0;26 0 NA;NA;NA;1;794;0.03;2.1;0;NA;NA;NA;NA;NA;NA;NA;NA;NA;NA;NA;NA;NA;NA;NA;NA;NA;NA;NA;NA;NA;NA;NA;NA;NA;NA;NA;NA;NA
315;Eucalyptus ;1;26;0;26 0 NA;NA;NA;2;786;1.53;5.3;0;NA;NA;NA;NA;NA;NA;NA;NA;NA;NA;NA;NA;NA;NA;NA;NA;NA;NA;NA;NA;NA;NA;NA;NA;NA;NA;NA;NA;NA
316;Eucalyptus ;1;26;0;26 0 NA;NA;NA;3;777;4.7;7.9;12;NA;NA;NA;NA;NA;14;7;NA;NA;NA;6;3;NA;NA;NA;3;6;6;6;NA;NA;NA;NA;NA;7;5;3;NA;21
317;Eucalyptus ;1;26;0;26 0 NA;NA;NA;4;765;8.35;10.5;15.4;NA;NA;NA;NA;NA;30;21;NA;NA;NA;13;9;NA;NA;NA;4;13;13;13;NA;NA;NA;NA;NA;4;3;3;NA;25
318;Eucalyptus ;1;26;0;26 0 NA;NA;NA;5;755;12.11;13;19.1;NA;NA;NA;NA;NA;51;42;6;NA;NA;23;19;3;NA;NA;4;20;23;23;NA;NA;NA;NA;NA;4;4;4;NA;36
319;Eucalyptus ;1;26;0;26 0 NA;NA;NA;6;745;15.74;15.4;21.8;NA;NA;NA;NA;NA;77;68;20;NA;NA;36;31;9;NA;NA;4;26;36;36;NA;NA;NA;NA;NA;5;5;6;NA;51
320;Eucalyptus ;1;26;0;26 0 NA;NA;NA;7;737;19.15;17.7;24.4;NA;NA;NA;NA;NA;106;96;41;1;NA;50;46;19;NA;NA;4;31;50;50;NA;NA;NA;NA;NA;6;6;8;NA;70
321;Eucalyptus ;1;26;0;26 0 NA;NA;NA;8;728;22.34;19.9;26.5;NA;NA;NA;NA;NA;138;129;66;6;NA;67;62;32;3;NA;5;35;64;67;NA;NA;NA;NA;NA;7;8;10;NA;92
322;Eucalyptus ;1;26;0;26 0 NA;NA;NA;9;720;25.31;22;28;NA;NA;NA;NA;NA;173;164;95;12;NA;85;81;47;6;NA;5;38;79;85;NA;NA;NA;NA;NA;8;10;13;NA;116
323;Eucalyptus ;1;26;0;26 0 NA;NA;NA;10;712;28.06;24;29.8;NA;NA;NA;NA;NA;209;200;127;27;NA;105;100;64;14;NA;5;41;91;105;NA;NA;NA;NA;NA;9;12;16;NA;142
324;Eucalyptus ;1;26;0;26 0 NA;NA;NA;11;704;30.63;25.9;31.6;NA;NA;NA;NA;NA;246;237;161;47;NA;126;121;82;24;NA;5;44;102;126;NA;NA;NA;NA;NA;11;14;19;NA;170
325;Eucalyptus ;1;26;0;26 0 NA;NA;NA;12;696;33.04;27.8;33.3;NA;NA;NA;NA;NA;284;275;197;69;3;148;143;102;36;2;5;46;112;146;NA;NA;NA;NA;NA;12;17;22;NA;199
326;Eucalyptus ;1;26;0;26 0 NA;NA;NA;13;687;35.29;29.6;34.4;NA;NA;NA;NA;NA;324;315;234;91;7;171;166;124;48;4;5;48;123;168;NA;NA;NA;NA;NA;14;20;26;NA;231
327;Eucalyptus ;1;26;0;26 0 NA;NA;NA;14;679;37.41;31.3;35.9;NA;NA;NA;NA;NA;364;355;272;119;16;195;190;146;64;9;5;49;131;186;NA;NA;NA;NA;NA;15;22;29;NA;262
328;Eucalyptus ;1;26;0;26 0 NA;NA;NA;15;671;39.42;32.9;37.4;NA;NA;NA;NA;NA;403;394;310;149;29;220;215;169;81;16;5;51;138;204;NA;NA;NA;NA;NA;16;25;33;NA;295
329;Eucalyptus ;1;26;0;26 0 NA;NA;NA;16;662;41.32;34.4;38.2;NA;NA;NA;NA;NA;445;436;350;179;39;246;241;193;99;22;5;52;147;224;NA;NA;NA;NA;NA;18;28;37;NA;329
330;Eucalyptus ;1;26;0;26 0 NA;NA;NA;17;654;43.13;35.9;39.7;NA;NA;NA;NA;NA;484;475;389;212;58;271;266;218;119;32;5;53;152;239;NA;NA;NA;NA;NA;20;31;40;NA;363
331;Eucalyptus ;1;26;0;26 0 NA;NA;NA;18;645;44.86;37.3;40.5;NA;NA;NA;NA;NA;525;516;430;244;74;298;293;244;138;42;5;54;160;256;NA;NA;NA;NA;NA;21;34;44;NA;399
332;Eucalyptus ;1;28;0;28 0 NA;NA;NA;0;800;0;0.5;0;NA;NA;NA;NA;NA;NA;NA;NA;NA;NA;NA;NA;NA;NA;NA;NA;NA;NA;NA;NA;NA;NA;NA;NA;NA;NA;NA;NA;NA
333;Eucalyptus ;1;28;0;28 0 NA;NA;NA;1;794;0.07;2.6;0;NA;NA;NA;NA;NA;NA;NA;NA;NA;NA;NA;NA;NA;NA;NA;NA;NA;NA;NA;NA;NA;NA;NA;NA;NA;NA;NA;NA;NA
334;Eucalyptus ;1;28;0;28 0 NA;NA;NA;2;786;2.97;6.4;0;NA;NA;NA;NA;NA;NA;NA;NA;NA;NA;NA;NA;NA;NA;NA;NA;NA;NA;NA;NA;NA;NA;NA;NA;NA;NA;NA;NA;NA
335;Eucalyptus ;1;28;0;28 0 NA;NA;NA;3;777;8.35;9.6;15.3;NA;NA;NA;NA;NA;27;20;NA;NA;NA;12;9;NA;NA;NA;3;12;12;12;NA;NA;NA;NA;NA;13;10;7;NA;42
336;Eucalyptus ;1;28;0;28 0 NA;NA;NA;4;766;13.31;12.6;19.6;NA;NA;NA;NA;NA;54;46;8;NA;NA;24;21;4;NA;NA;4;20;24;24;NA;NA;NA;NA;NA;8;6;5;NA;45
337;Eucalyptus ;1;28;0;28 0 NA;NA;NA;5;757;17.99;15.5;22.7;NA;NA;NA;NA;NA;88;80;29;NA;NA;40;36;13;NA;NA;4;27;40;40;NA;NA;NA;NA;NA;8;6;7;NA;62
338;Eucalyptus ;1;28;0;28 0 NA;NA;NA;6;748;22.27;18.3;25.4;NA;NA;NA;NA;NA;127;118;58;2;NA;59;55;27;1;NA;4;32;58;59;NA;NA;NA;NA;NA;8;8;10;NA;86
339;Eucalyptus ;1;28;0;28 0 NA;NA;NA;7;741;26.13;20.9;27.9;NA;NA;NA;NA;NA;170;161;94;11;NA;81;76;44;5;NA;4;36;75;81;NA;NA;NA;NA;NA;9;10;13;NA;113
340;Eucalyptus ;1;28;0;28 0 NA;NA;NA;8;733;29.63;23.4;30;NA;NA;NA;NA;NA;215;206;133;29;NA;104;100;64;14;NA;5;40;90;104;NA;NA;NA;NA;NA;11;13;16;NA;143
341;Eucalyptus ;1;28;0;28 0 NA;NA;NA;9;726;32.81;25.8;31.9;NA;NA;NA;NA;NA;263;253;175;53;NA;130;125;87;26;NA;5;43;104;130;NA;NA;NA;NA;NA;12;15;20;NA;176
342;Eucalyptus ;1;28;0;28 0 NA;NA;NA;10;718;35.71;28;33.1;NA;NA;NA;NA;NA;312;303;221;77;2;157;152;111;39;1;5;46;119;156;NA;NA;NA;NA;NA;14;18;24;NA;213
343;Eucalyptus ;1;28;0;28 0 NA;NA;NA;11;711;38.38;30.1;34.9;NA;NA;NA;NA;NA;361;352;267;109;9;185;180;137;56;5;5;48;129;180;NA;NA;NA;NA;NA;16;21;28;NA;250
344;Eucalyptus ;1;28;0;28 0 NA;NA;NA;12;703;40.85;32.2;36.6;NA;NA;NA;NA;NA;411;401;314;145;22;214;209;163;75;11;5;50;138;202;NA;NA;NA;NA;NA;17;24;32;NA;288
345;Eucalyptus ;1;28;0;28 0 NA;NA;NA;13;695;43.14;34.1;38.1;NA;NA;NA;NA;NA;460;451;362;182;38;243;238;191;96;20;5;52;147;223;NA;NA;NA;NA;NA;19;28;36;NA;327
346;Eucalyptus ;1;28;0;28 0 NA;NA;NA;14;687;45.29;35.9;39;NA;NA;NA;NA;NA;512;502;411;218;53;275;269;220;117;28;5;54;157;246;NA;NA;NA;NA;NA;21;31;41;NA;369
347;Eucalyptus ;1;28;0;28 0 NA;NA;NA;15;679;47.31;37.6;40.5;NA;NA;NA;NA;NA;560;551;459;259;76;305;300;250;141;41;5;55;164;264;NA;NA;NA;NA;NA;23;35;46;NA;409
348;Eucalyptus ;1;28;0;28 0 NA;NA;NA;16;671;49.21;39.2;41.3;NA;NA;NA;NA;NA;611;601;509;299;95;337;332;281;165;53;5;56;172;285;NA;NA;NA;NA;NA;25;38;50;NA;452
349;Eucalyptus ;1;28;0;28 0 NA;NA;NA;17;662;51.02;40.7;42.7;NA;NA;NA;NA;NA;659;649;556;342;124;369;363;311;191;69;5;57;177;299;NA;NA;NA;NA;NA;27;42;55;NA;494
350;Eucalyptus ;1;28;0;28 0 NA;NA;NA;18;654;52.75;42.2;44.1;NA;NA;NA;NA;NA;706;696;603;385;154;400;395;342;218;87;5;58;182;313;NA;NA;NA;NA;NA;29;45;60;NA;536
351;Eucalyptus ;1;30;0;30 0 NA;NA;NA;0;800;0;0.5;0;NA;NA;NA;NA;NA;NA;NA;NA;NA;NA;NA;NA;NA;NA;NA;NA;NA;NA;NA;NA;NA;NA;NA;NA;NA;NA;NA;NA;NA
352;Eucalyptus ;1;30;0;30 0 NA;NA;NA;1;794;0.1;2.8;0;NA;NA;NA;NA;NA;NA;NA;NA;NA;NA;NA;NA;NA;NA;NA;NA;NA;NA;NA;NA;NA;NA;NA;NA;NA;NA;NA;NA;NA
353;Eucalyptus ;1;30;0;30 0 NA;NA;NA;2;786;4.03;7;0;NA;NA;NA;NA;NA;NA;NA;NA;NA;NA;NA;NA;NA;NA;NA;NA;NA;NA;NA;NA;NA;NA;NA;NA;NA;NA;NA;NA;NA
354;Eucalyptus ;1;30;0;30 0 NA;NA;NA;3;777;10.88;10.4;17.5;NA;NA;NA;NA;NA;38;30;2;NA;NA;16;13;1;NA;NA;3;16;16;16;NA;NA;NA;NA;NA;18;14;9;NA;58
355;Eucalyptus ;1;30;0;30 0 NA;NA;NA;4;766;16.51;13.7;21.3;NA;NA;NA;NA;NA;73;64;19;NA;NA;32;29;8;NA;NA;4;24;32;32;NA;NA;NA;NA;NA;10;8;7;NA;60
356;Eucalyptus ;1;30;0;30 0 NA;NA;NA;5;758;21.61;16.8;24.3;NA;NA;NA;NA;NA;115;106;49;NA;NA;52;48;22;NA;NA;4;30;52;52;NA;NA;NA;NA;NA;10;8;9;NA;81
357;Eucalyptus ;1;30;0;30 0 NA;NA;NA;6;750;26.14;19.8;27.7;NA;NA;NA;NA;NA;161;152;87;10;NA;75;71;41;5;NA;4;34;70;75;NA;NA;NA;NA;NA;10;10;12;NA;108
358;Eucalyptus ;1;30;0;30 0 NA;NA;NA;7;742;30.16;22.5;30.1;NA;NA;NA;NA;NA;211;202;131;29;NA;100;96;62;14;NA;4;38;87;100;NA;NA;NA;NA;NA;12;13;16;NA;140
359;Eucalyptus ;1;30;0;30 0 NA;NA;NA;8;735;33.76;25.2;31.4;NA;NA;NA;NA;NA;265;256;179;50;NA;129;124;87;24;NA;5;42;104;129;NA;NA;NA;NA;NA;13;15;20;NA;177
360;Eucalyptus ;1;30;0;30 0 NA;NA;NA;9;728;36.99;27.7;33.4;NA;NA;NA;NA;NA;320;310;229;81;2;158;153;113;40;1;5;45;118;157;NA;NA;NA;NA;NA;15;19;24;NA;215
361;Eucalyptus ;1;30;0;30 0 NA;NA;NA;10;721;39.92;30;35.1;NA;NA;NA;NA;NA;375;365;280;118;11;188;184;141;59;5;5;48;129;183;NA;NA;NA;NA;NA;17;22;28;NA;255
362;Eucalyptus ;1;30;0;30 0 NA;NA;NA;11;713;42.6;32.2;37;NA;NA;NA;NA;NA;430;420;332;156;24;220;215;170;80;12;5;50;140;207;NA;NA;NA;NA;NA;19;25;33;NA;297
363;Eucalyptus ;1;30;0;30 0 NA;NA;NA;12;706;45.06;34.3;38.5;NA;NA;NA;NA;NA;485;476;385;198;43;252;247;200;103;22;5;52;150;230;NA;NA;NA;NA;NA;21;29;38;NA;340
364;Eucalyptus ;1;30;0;30 0 NA;NA;NA;13;698;47.35;36.2;39.4;NA;NA;NA;NA;NA;542;532;440;238;60;286;281;232;126;32;5;54;160;255;NA;NA;NA;NA;NA;23;33;43;NA;385
365;Eucalyptus ;1;30;0;30 0 NA;NA;NA;14;690;49.48;38.1;40.9;NA;NA;NA;NA;NA;596;586;492;283;86;320;315;264;152;46;5;56;168;274;NA;NA;NA;NA;NA;25;36;48;NA;430
366;Eucalyptus ;1;30;0;30 0 NA;NA;NA;15;682;51.48;39.8;41.7;NA;NA;NA;NA;NA;651;642;547;327;107;355;350;298;178;58;5;57;177;296;NA;NA;NA;NA;NA;27;40;53;NA;476
367;Eucalyptus ;1;30;0;30 0 NA;NA;NA;16;674;53.36;41.5;43.2;NA;NA;NA;NA;NA;704;694;599;374;138;389;383;331;206;76;5;58;182;312;NA;NA;NA;NA;NA;29;44;58;NA;521
368;Eucalyptus ;1;30;0;30 0 NA;NA;NA;17;665;55.15;43;44.5;NA;NA;NA;NA;NA;755;746;650;421;172;423;417;364;235;96;5;59;187;327;NA;NA;NA;NA;NA;31;48;63;NA;567
369;Eucalyptus ;1;30;0;30 0 NA;NA;NA;18;657;56.85;44.4;45.2;NA;NA;NA;NA;NA;808;798;703;467;202;458;453;399;265;114;5;59;193;344;NA;NA;NA;NA;NA;33;52;68;NA;614
370;Eucalyptus ;1;32;0;32 0 NA;NA;NA;0;800;0;0.5;0;NA;NA;NA;NA;NA;NA;NA;NA;NA;NA;NA;NA;NA;NA;NA;NA;NA;NA;NA;NA;NA;NA;NA;NA;NA;NA;NA;NA;NA
371;Eucalyptus ;1;32;0;32 0 NA;NA;NA;1;794;0.15;3.1;0;NA;NA;NA;NA;NA;NA;NA;NA;NA;NA;NA;NA;NA;NA;NA;NA;NA;NA;NA;NA;NA;NA;NA;NA;NA;NA;NA;NA;NA
372;Eucalyptus ;1;32;0;32 0 NA;NA;NA;2;786;5.4;7.6;0;NA;NA;NA;NA;NA;NA;NA;NA;NA;NA;NA;NA;NA;NA;NA;NA;NA;NA;NA;NA;NA;NA;NA;NA;NA;NA;NA;NA;NA
373;Eucalyptus ;1;32;0;32 0 NA;NA;NA;3;777;14.03;11.3;19.1;NA;NA;NA;NA;NA;52;45;8;NA;NA;23;20;3;NA;NA;3;19;23;23;NA;NA;NA;NA;NA;25;19;13;NA;80
374;Eucalyptus ;1;32;0;32 0 NA;NA;NA;4;767;20.29;14.8;23.5;NA;NA;NA;NA;NA;95;87;36;NA;NA;42;39;16;NA;NA;4;26;42;42;NA;NA;NA;NA;NA;14;10;9;NA;80
375;Eucalyptus ;1;32;0;32 0 NA;NA;NA;5;758;25.74;18.2;26.5;NA;NA;NA;NA;NA;146;138;77;5;NA;67;63;35;2;NA;4;32;64;67;NA;NA;NA;NA;NA;12;11;12;NA;103
376;Eucalyptus ;1;32;0;32 0 NA;NA;NA;6;751;30.47;21.3;29.1;NA;NA;NA;NA;NA;202;194;125;23;NA;94;90;58;11;NA;4;36;83;94;NA;NA;NA;NA;NA;13;13;15;NA;136
377;Eucalyptus ;1;32;0;32 0 NA;NA;NA;7;744;34.6;24.2;31.5;NA;NA;NA;NA;NA;261;252;177;50;NA;124;120;84;24;NA;4;40;100;124;NA;NA;NA;NA;NA;15;16;19;NA;173
378;Eucalyptus ;1;32;0;32 0 NA;NA;NA;8;737;38.25;27;33.6;NA;NA;NA;NA;NA;322;313;233;85;3;156;151;113;41;1;5;43;115;155;NA;NA;NA;NA;NA;16;19;24;NA;214
379;Eucalyptus ;1;32;0;32 0 NA;NA;NA;9;730;41.49;29.6;35.4;NA;NA;NA;NA;NA;384;374;290;125;12;190;185;143;62;6;5;46;128;184;NA;NA;NA;NA;NA;18;22;29;NA;258
380;Eucalyptus ;1;32;0;32 0 NA;NA;NA;10;723;44.42;32;37.3;NA;NA;NA;NA;NA;446;436;348;168;27;224;219;175;84;14;5;49;140;210;NA;NA;NA;NA;NA;20;26;34;NA;303
381;Eucalyptus ;1;32;0;32 0 NA;NA;NA;11;716;47.07;34.3;38.2;NA;NA;NA;NA;NA;509;500;409;211;42;261;256;209;108;22;5;52;153;239;NA;NA;NA;NA;NA;22;30;39;NA;352
382;Eucalyptus ;1;32;0;32 0 NA;NA;NA;12;708;49.51;36.4;39.8;NA;NA;NA;NA;NA;570;560;467;258;67;296;291;243;134;35;5;53;162;261;NA;NA;NA;NA;NA;24;34;44;NA;399
383;Eucalyptus ;1;32;0;32 0 NA;NA;NA;13;701;51.76;38.4;41.3;NA;NA;NA;NA;NA;630;620;525;308;96;333;328;278;163;51;5;55;170;282;NA;NA;NA;NA;NA;26;38;50;NA;448
384;Eucalyptus ;1;32;0;32 0 NA;NA;NA;14;693;53.85;40.3;42.1;NA;NA;NA;NA;NA;691;681;585;357;120;371;366;314;191;64;5;57;179;306;NA;NA;NA;NA;NA;28;42;55;NA;498
385;Eucalyptus ;1;32;0;32 0 NA;NA;NA;15;685;55.82;42;43.6;NA;NA;NA;NA;NA;748;738;642;407;155;407;402;349;222;84;5;58;186;323;NA;NA;NA;NA;NA;31;46;61;NA;547
386;Eucalyptus ;1;32;0;32 0 NA;NA;NA;16;677;57.67;43.6;44.9;NA;NA;NA;NA;NA;804;795;698;458;192;444;439;385;253;106;5;59;192;338;NA;NA;NA;NA;NA;33;50;66;NA;596
387;Eucalyptus ;1;32;0;32 0 NA;NA;NA;17;668;59.42;45.2;45.7;NA;NA;NA;NA;NA;861;852;755;507;224;482;477;422;284;126;5;60;198;356;NA;NA;NA;NA;NA;35;54;72;NA;646
388;Eucalyptus ;1;32;0;32 0 NA;NA;NA;18;659;61.09;46.6;47;NA;NA;NA;NA;NA;914;905;808;558;264;518;513;458;316;150;5;60;202;368;NA;NA;NA;NA;NA;37;59;77;NA;695
389;Eucalyptus ;1;24;0;24 0 NA;NA;NA;0;1250;0;0.5;0;NA;NA;NA;NA;NA;NA;NA;NA;NA;NA;NA;NA;NA;NA;NA;NA;NA;NA;NA;NA;NA;NA;NA;NA;NA;NA;NA;NA;NA
390;Eucalyptus ;1;24;0;24 0 NA;NA;NA;1;1241;0.08;2.1;0;NA;NA;NA;NA;NA;NA;NA;NA;NA;NA;NA;NA;NA;NA;NA;NA;NA;NA;NA;NA;NA;NA;NA;NA;NA;NA;NA;NA;NA
391;Eucalyptus ;1;24;0;24 0 NA;NA;NA;2;1228;2;5.3;0;NA;NA;NA;NA;NA;NA;NA;NA;NA;NA;NA;NA;NA;NA;NA;NA;NA;NA;NA;NA;NA;NA;NA;NA;NA;NA;NA;NA;NA
392;Eucalyptus ;1;24;0;24 0 NA;NA;NA;3;1213;4.57;7.9;9.4;NA;NA;NA;NA;NA;14;2;NA;NA;NA;6;1;NA;NA;NA;5;6;6;6;NA;NA;NA;NA;NA;7;5;3;NA;21
393;Eucalyptus ;1;24;0;24 0 NA;NA;NA;4;1195;8.17;10.5;13.4;NA;NA;NA;NA;NA;29;15;NA;NA;NA;13;7;NA;NA;NA;6;13;13;13;NA;NA;NA;NA;NA;4;3;3;NA;24
394;Eucalyptus ;1;24;0;24 0 NA;NA;NA;5;1179;11.89;13;16.1;NA;NA;NA;NA;NA;50;35;1;NA;NA;23;16;NA;NA;NA;7;23;23;23;NA;NA;NA;NA;NA;4;4;4;NA;36
395;Eucalyptus ;1;24;0;24 0 NA;NA;NA;6;1165;15.48;15.4;18.5;NA;NA;NA;NA;NA;76;59;6;NA;NA;35;27;3;NA;NA;8;33;35;35;NA;NA;NA;NA;NA;5;5;6;NA;51
396;Eucalyptus ;1;24;0;24 0 NA;NA;NA;7;1151;18.88;17.7;20.8;NA;NA;NA;NA;NA;105;87;17;NA;NA;50;41;8;NA;NA;9;42;50;50;NA;NA;NA;NA;NA;6;6;8;NA;70
397;Eucalyptus ;1;24;0;24 0 NA;NA;NA;8;1138;22.05;19.9;21.9;NA;NA;NA;NA;NA;138;120;32;NA;NA;67;58;16;NA;NA;9;51;67;67;NA;NA;NA;NA;NA;7;8;10;NA;92
398;Eucalyptus ;1;24;0;24 0 NA;NA;NA;9;1125;25;22;23.9;NA;NA;NA;NA;NA;172;153;54;NA;NA;85;76;27;NA;NA;9;58;85;85;NA;NA;NA;NA;NA;8;10;13;NA;115
399;Eucalyptus ;1;24;0;24 0 NA;NA;NA;10;1112;27.75;24;25.7;NA;NA;NA;NA;NA;207;188;80;4;NA;104;95;40;2;NA;10;64;102;104;NA;NA;NA;NA;NA;9;12;16;NA;141
400;Eucalyptus ;1;24;0;24 0 NA;NA;NA;11;1100;30.32;25.9;26.7;NA;NA;NA;NA;NA;246;227;106;9;NA;126;116;54;4;NA;10;71;121;126;NA;NA;NA;NA;NA;11;14;19;NA;170
401;Eucalyptus ;1;24;0;24 0 NA;NA;NA;12;1087;32.72;27.8;28.2;NA;NA;NA;NA;NA;284;265;137;19;NA;148;138;71;10;NA;10;76;138;148;NA;NA;NA;NA;NA;12;17;22;NA;199
402;Eucalyptus ;1;24;0;24 0 NA;NA;NA;13;1074;34.97;29.6;29.7;NA;NA;NA;NA;NA;322;303;171;33;NA;170;160;90;17;NA;10;80;153;170;NA;NA;NA;NA;NA;13;19;25;NA;228
403;Eucalyptus ;1;24;0;24 0 NA;NA;NA;14;1061;37.09;31.3;30.5;NA;NA;NA;NA;NA;363;344;205;45;NA;195;185;110;24;NA;10;85;170;195;NA;NA;NA;NA;NA;15;22;29;NA;261
404;Eucalyptus ;1;24;0;24 0 NA;NA;NA;15;1048;39.09;32.9;32;NA;NA;NA;NA;NA;401;382;240;65;2;218;208;131;36;1;10;88;183;217;NA;NA;NA;NA;NA;16;25;33;NA;293
405;Eucalyptus ;1;24;0;24 0 NA;NA;NA;16;1035;41;34.4;33.3;NA;NA;NA;NA;NA;440;422;277;88;6;243;233;153;48;3;10;90;195;240;NA;NA;NA;NA;NA;18;28;36;NA;326
406;Eucalyptus ;1;24;0;24 0 NA;NA;NA;17;1021;42.81;35.9;34;NA;NA;NA;NA;NA;482;464;314;108;9;270;259;176;61;5;10;94;209;265;NA;NA;NA;NA;NA;19;30;40;NA;361
407;Eucalyptus ;1;24;0;24 0 NA;NA;NA;18;1008;44.53;37.3;35.4;NA;NA;NA;NA;NA;520;502;351;134;17;295;285;199;76;10;10;96;219;285;NA;NA;NA;NA;NA;21;33;44;NA;395
408;Eucalyptus ;1;26;0;26 0 NA;NA;NA;0;1250;0;0.5;0;NA;NA;NA;NA;NA;NA;NA;NA;NA;NA;NA;NA;NA;NA;NA;NA;NA;NA;NA;NA;NA;NA;NA;NA;NA;NA;NA;NA;NA
409;Eucalyptus ;1;26;0;26 0 NA;NA;NA;1;1241;0.13;2.4;0;NA;NA;NA;NA;NA;NA;NA;NA;NA;NA;NA;NA;NA;NA;NA;NA;NA;NA;NA;NA;NA;NA;NA;NA;NA;NA;NA;NA;NA
410;Eucalyptus ;1;26;0;26 0 NA;NA;NA;2;1228;2.82;5.8;0;NA;NA;NA;NA;NA;NA;NA;NA;NA;NA;NA;NA;NA;NA;NA;NA;NA;NA;NA;NA;NA;NA;NA;NA;NA;NA;NA;NA;NA
411;Eucalyptus ;1;26;0;26 0 NA;NA;NA;3;1213;6.14;8.7;11.7;NA;NA;NA;NA;NA;19;6;NA;NA;NA;8;3;NA;NA;NA;6;8;8;8;NA;NA;NA;NA;NA;9;7;5;NA;29
412;Eucalyptus ;1;26;0;26 0 NA;NA;NA;4;1196;10.39;11.5;14.7;NA;NA;NA;NA;NA;40;25;NA;NA;NA;18;11;NA;NA;NA;7;18;18;18;NA;NA;NA;NA;NA;6;4;4;NA;33
413;Eucalyptus ;1;26;0;26 0 NA;NA;NA;5;1181;14.57;14.2;17.5;NA;NA;NA;NA;NA;67;50;2;NA;NA;31;23;1;NA;NA;8;29;31;31;NA;NA;NA;NA;NA;6;5;5;NA;47
414;Eucalyptus ;1;26;0;26 0 NA;NA;NA;6;1167;18.51;16.8;19.7;NA;NA;NA;NA;NA;99;81;12;NA;NA;46;38;6;NA;NA;8;40;46;46;NA;NA;NA;NA;NA;6;6;7;NA;67
415;Eucalyptus ;1;26;0;26 0 NA;NA;NA;7;1154;22.15;19.3;21.8;NA;NA;NA;NA;NA;135;116;31;NA;NA;64;55;15;NA;NA;9;49;64;64;NA;NA;NA;NA;NA;8;8;10;NA;89
416;Eucalyptus ;1;26;0;26 0 NA;NA;NA;8;1142;25.49;21.6;23.9;NA;NA;NA;NA;NA;173;154;55;NA;NA;84;75;26;NA;NA;9;57;83;84;NA;NA;NA;NA;NA;9;10;13;NA;115
417;Eucalyptus ;1;26;0;26 0 NA;NA;NA;9;1130;28.57;23.9;25.8;NA;NA;NA;NA;NA;212;193;83;4;NA;105;95;41;2;NA;9;64;103;105;NA;NA;NA;NA;NA;10;12;16;NA;143
418;Eucalyptus ;1;26;0;26 0 NA;NA;NA;10;1117;31.41;26;26.8;NA;NA;NA;NA;NA;256;237;112;9;NA;129;119;57;5;NA;10;72;124;129;NA;NA;NA;NA;NA;12;15;19;NA;174
419;Eucalyptus ;1;26;0;26 0 NA;NA;NA;11;1105;34.04;28;28.4;NA;NA;NA;NA;NA;298;279;148;21;NA;153;143;76;11;NA;10;77;142;153;NA;NA;NA;NA;NA;13;18;23;NA;206
420;Eucalyptus ;1;26;0;26 0 NA;NA;NA;12;1093;36.49;30;30;NA;NA;NA;NA;NA;342;322;185;37;NA;178;168;96;19;NA;10;81;159;178;NA;NA;NA;NA;NA;15;20;27;NA;239
421;Eucalyptus ;1;26;0;26 0 NA;NA;NA;13;1081;38.77;31.8;30.7;NA;NA;NA;NA;NA;388;369;223;51;NA;205;195;118;27;NA;10;87;178;205;NA;NA;NA;NA;NA;16;23;31;NA;275
422;Eucalyptus ;1;26;0;26 0 NA;NA;NA;14;1068;40.92;33.6;32.3;NA;NA;NA;NA;NA;430;412;262;74;2;231;221;141;40;1;10;90;191;230;NA;NA;NA;NA;NA;18;26;35;NA;310
423;Eucalyptus ;1;26;0;26 0 NA;NA;NA;15;1055;42.94;35.3;33;NA;NA;NA;NA;NA;477;458;303;94;4;260;250;165;51;2;10;95;209;258;NA;NA;NA;NA;NA;19;29;39;NA;349
424;Eucalyptus ;1;26;0;26 0 NA;NA;NA;16;1042;44.85;36.9;34.3;NA;NA;NA;NA;NA;520;502;344;122;11;287;277;190;67;6;10;97;220;282;NA;NA;NA;NA;NA;21;33;43;NA;385
425;Eucalyptus ;1;26;0;26 0 NA;NA;NA;17;1029;46.67;38.4;35.7;NA;NA;NA;NA;NA;563;545;385;151;21;315;305;216;84;12;10;99;231;304;NA;NA;NA;NA;NA;23;36;47;NA;423
426;Eucalyptus ;1;26;0;26 0 NA;NA;NA;18;1015;48.4;39.8;36.3;NA;NA;NA;NA;NA;609;591;428;177;28;345;335;243;100;16;10;102;245;329;NA;NA;NA;NA;NA;25;39;51;NA;463
427;Eucalyptus ;1;28;0;28 0 NA;NA;NA;0;1250;0;0.5;0;NA;NA;NA;NA;NA;NA;NA;NA;NA;NA;NA;NA;NA;NA;NA;NA;NA;NA;NA;NA;NA;NA;NA;NA;NA;NA;NA;NA;NA
428;Eucalyptus ;1;28;0;28 0 NA;NA;NA;1;1241;0.21;2.6;0;NA;NA;NA;NA;NA;NA;NA;NA;NA;NA;NA;NA;NA;NA;NA;NA;NA;NA;NA;NA;NA;NA;NA;NA;NA;NA;NA;NA;NA
429;Eucalyptus ;1;28;0;28 0 NA;NA;NA;2;1228;3.88;6.4;0;NA;NA;NA;NA;NA;NA;NA;NA;NA;NA;NA;NA;NA;NA;NA;NA;NA;NA;NA;NA;NA;NA;NA;NA;NA;NA;NA;NA;NA
430;Eucalyptus ;1;28;0;28 0 NA;NA;NA;3;1213;8.12;9.6;12.3;NA;NA;NA;NA;NA;27;14;NA;NA;NA;12;6;NA;NA;NA;6;12;12;12;NA;NA;NA;NA;NA;13;10;7;NA;42
431;Eucalyptus ;1;28;0;28 0 NA;NA;NA;4;1197;13.03;12.6;16.6;NA;NA;NA;NA;NA;54;38;1;NA;NA;24;17;NA;NA;NA;7;23;24;24;NA;NA;NA;NA;NA;8;6;5;NA;45
432;Eucalyptus ;1;28;0;28 0 NA;NA;NA;5;1182;17.66;15.5;19.3;NA;NA;NA;NA;NA;88;70;9;NA;NA;40;32;4;NA;NA;8;36;40;40;NA;NA;NA;NA;NA;7;6;7;NA;62
433;Eucalyptus ;1;28;0;28 0 NA;NA;NA;6;1169;21.91;18.3;21.6;NA;NA;NA;NA;NA;126;109;27;NA;NA;59;50;13;NA;NA;8;46;59;59;NA;NA;NA;NA;NA;8;8;9;NA;85
434;Eucalyptus ;1;28;0;28 0 NA;NA;NA;7;1157;25.75;20.9;23.8;NA;NA;NA;NA;NA;168;150;53;NA;NA;80;71;25;NA;NA;9;55;80;80;NA;NA;NA;NA;NA;9;10;12;NA;112
435;Eucalyptus ;1;28;0;28 0 NA;NA;NA;8;1145;29.24;23.4;24.9;NA;NA;NA;NA;NA;216;197;82;2;NA;104;95;39;1;NA;9;65;104;104;NA;NA;NA;NA;NA;11;13;16;NA;144
436;Eucalyptus ;1;28;0;28 0 NA;NA;NA;9;1134;32.41;25.8;26.9;NA;NA;NA;NA;NA;262;243;117;10;NA;129;120;58;5;NA;9;72;124;129;NA;NA;NA;NA;NA;12;15;20;NA;176
437;Eucalyptus ;1;28;0;28 0 NA;NA;NA;10;1122;35.32;28;28.6;NA;NA;NA;NA;NA;310;290;156;23;NA;156;146;79;11;NA;10;77;144;156;NA;NA;NA;NA;NA;14;18;23;NA;211
438;Eucalyptus ;1;28;0;28 0 NA;NA;NA;11;1110;37.98;30.1;30.2;NA;NA;NA;NA;NA;358;339;198;40;NA;183;173;101;20;NA;10;82;163;183;NA;NA;NA;NA;NA;16;21;28;NA;247
439;Eucalyptus ;1;28;0;28 0 NA;NA;NA;12;1098;40.45;32.2;31;NA;NA;NA;NA;NA;410;390;240;57;NA;213;203;125;30;NA;10;88;183;213;NA;NA;NA;NA;NA;17;24;32;NA;287
440;Eucalyptus ;1;28;0;28 0 NA;NA;NA;13;1086;42.75;34.1;32.6;NA;NA;NA;NA;NA;458;439;284;82;3;242;232;150;43;1;10;92;199;241;NA;NA;NA;NA;NA;19;28;36;NA;325
441;Eucalyptus ;1;28;0;28 0 NA;NA;NA;14;1074;44.9;35.9;33.2;NA;NA;NA;NA;NA;510;491;329;105;5;274;263;177;56;2;10;97;217;271;NA;NA;NA;NA;NA;21;31;41;NA;367
442;Eucalyptus ;1;28;0;28 0 NA;NA;NA;15;1061;46.92;37.6;34.7;NA;NA;NA;NA;NA;557;539;374;135;13;304;293;204;74;7;10;100;230;297;NA;NA;NA;NA;NA;23;34;45;NA;407
443;Eucalyptus ;1;28;0;28 0 NA;NA;NA;16;1048;48.83;39.2;36;NA;NA;NA;NA;NA;605;586;420;168;24;334;324;232;93;13;10;102;242;321;NA;NA;NA;NA;NA;25;38;50;NA;448
444;Eucalyptus ;1;28;0;28 0 NA;NA;NA;17;1035;50.64;40.7;36.7;NA;NA;NA;NA;NA;655;637;466;196;33;367;356;261;110;18;10;106;257;348;NA;NA;NA;NA;NA;27;41;55;NA;492
445;Eucalyptus ;1;28;0;28 0 NA;NA;NA;18;1021;52.37;42.2;38;NA;NA;NA;NA;NA;701;683;513;232;49;397;387;291;131;28;10;107;266;370;NA;NA;NA;NA;NA;28;45;59;NA;533
446;Eucalyptus ;1;30;0;30 0 NA;NA;NA;0;1250;0;0.5;0;NA;NA;NA;NA;NA;NA;NA;NA;NA;NA;NA;NA;NA;NA;NA;NA;NA;NA;NA;NA;NA;NA;NA;NA;NA;NA;NA;NA;NA
447;Eucalyptus ;1;30;0;30 0 NA;NA;NA;1;1241;0.32;2.8;0;NA;NA;NA;NA;NA;NA;NA;NA;NA;NA;NA;NA;NA;NA;NA;NA;NA;NA;NA;NA;NA;NA;NA;NA;NA;NA;NA;NA;NA
448;Eucalyptus ;1;30;0;30 0 NA;NA;NA;2;1228;5.28;7;0;NA;NA;NA;NA;NA;NA;NA;NA;NA;NA;NA;NA;NA;NA;NA;NA;NA;NA;NA;NA;NA;NA;NA;NA;NA;NA;NA;NA;NA
449;Eucalyptus ;1;30;0;30 0 NA;NA;NA;3;1213;10.59;10.4;14.7;NA;NA;NA;NA;NA;37;24;NA;NA;NA;16;10;NA;NA;NA;6;16;16;16;NA;NA;NA;NA;NA;18;14;9;NA;57
450;Eucalyptus ;1;30;0;30 0 NA;NA;NA;4;1197;16.16;13.7;17.8;NA;NA;NA;NA;NA;72;56;3;NA;NA;32;25;1;NA;NA;7;31;32;32;NA;NA;NA;NA;NA;10;8;7;NA;60
451;Eucalyptus ;1;30;0;30 0 NA;NA;NA;5;1184;21.21;16.8;20.7;NA;NA;NA;NA;NA;114;97;20;NA;NA;52;44;9;NA;NA;8;43;52;52;NA;NA;NA;NA;NA;10;8;9;NA;80
452;Eucalyptus ;1;30;0;30 0 NA;NA;NA;6;1171;25.72;19.8;22.9;NA;NA;NA;NA;NA;161;143;46;NA;NA;75;66;21;NA;NA;8;53;75;75;NA;NA;NA;NA;NA;11;10;12;NA;108
453;Eucalyptus ;1;30;0;30 0 NA;NA;NA;7;1160;29.73;22.5;24.9;NA;NA;NA;NA;NA;211;193;80;2;NA;100;91;38;1;NA;9;62;99;100;NA;NA;NA;NA;NA;12;13;16;NA;140
454;Eucalyptus ;1;30;0;30 0 NA;NA;NA;8;1148;33.32;25.2;26.9;NA;NA;NA;NA;NA;263;244;119;10;NA;128;118;58;5;NA;9;70;123;128;NA;NA;NA;NA;NA;13;15;20;NA;175
455;Eucalyptus ;1;30;0;30 0 NA;NA;NA;9;1137;36.55;27.7;28.8;NA;NA;NA;NA;NA;317;298;162;24;NA;156;147;80;12;NA;9;76;144;156;NA;NA;NA;NA;NA;15;18;24;NA;213
456;Eucalyptus ;1;30;0;30 0 NA;NA;NA;10;1126;39.48;30;29.7;NA;NA;NA;NA;NA;374;355;208;38;NA;188;178;105;19;NA;10;83;169;188;NA;NA;NA;NA;NA;17;22;28;NA;254
457;Eucalyptus ;1;30;0;30 0 NA;NA;NA;11;1114;42.16;32.2;31.3;NA;NA;NA;NA;NA;429;409;256;63;NA;219;209;131;32;NA;10;88;187;219;NA;NA;NA;NA;NA;19;25;33;NA;296
458;Eucalyptus ;1;30;0;30 0 NA;NA;NA;12;1103;44.63;34.3;32.8;NA;NA;NA;NA;NA;483;464;304;91;3;251;241;158;47;2;10;93;204;250;NA;NA;NA;NA;NA;21;29;38;NA;338
459;Eucalyptus ;1;30;0;30 0 NA;NA;NA;13;1091;46.91;36.2;33.5;NA;NA;NA;NA;NA;540;521;354;116;6;286;275;187;61;3;10;98;224;283;NA;NA;NA;NA;NA;23;33;43;NA;384
460;Eucalyptus ;1;30;0;30 0 NA;NA;NA;14;1079;49.05;38.1;35.1;NA;NA;NA;NA;NA;593;574;404;150;15;318;308;217;80;8;10;101;238;310;NA;NA;NA;NA;NA;24;36;48;NA;427
461;Eucalyptus ;1;30;0;30 0 NA;NA;NA;15;1066;51.05;39.8;36.3;NA;NA;NA;NA;NA;646;627;454;185;28;352;341;247;101;15;10;104;251;336;NA;NA;NA;NA;NA;26;40;52;NA;472
462;Eucalyptus ;1;30;0;30 0 NA;NA;NA;16;1053;52.94;41.5;37;NA;NA;NA;NA;NA;700;682;506;217;37;387;377;280;120;21;10;107;267;366;NA;NA;NA;NA;NA;28;44;58;NA;519
463;Eucalyptus ;1;30;0;30 0 NA;NA;NA;17;1040;54.74;43;38.4;NA;NA;NA;NA;NA;750;732;556;256;56;420;410;311;143;31;10;109;277;389;NA;NA;NA;NA;NA;30;47;63;NA;563
464;Eucalyptus ;1;30;0;30 0 NA;NA;NA;18;1026;56.44;44.4;39;NA;NA;NA;NA;NA;803;785;607;293;69;455;445;344;166;39;10;111;289;417;NA;NA;NA;NA;NA;32;51;68;NA;610
465;Eucalyptus ;1;32;0;32 0 NA;NA;NA;0;1250;0;0.5;0;NA;NA;NA;NA;NA;NA;NA;NA;NA;NA;NA;NA;NA;NA;NA;NA;NA;NA;NA;NA;NA;NA;NA;NA;NA;NA;NA;NA;NA
466;Eucalyptus ;1;32;0;32 0 NA;NA;NA;1;1241;0.49;3.1;0;NA;NA;NA;NA;NA;NA;NA;NA;NA;NA;NA;NA;NA;NA;NA;NA;NA;NA;NA;NA;NA;NA;NA;NA;NA;NA;NA;NA;NA
467;Eucalyptus ;1;32;0;32 0 NA;NA;NA;2;1228;7.07;7.6;0;NA;NA;NA;NA;NA;NA;NA;NA;NA;NA;NA;NA;NA;NA;NA;NA;NA;NA;NA;NA;NA;NA;NA;NA;NA;NA;NA;NA;NA
468;Eucalyptus ;1;32;0;32 0 NA;NA;NA;3;1213;13.66;11.3;15.6;NA;NA;NA;NA;NA;52;38;NA;NA;NA;23;16;NA;NA;NA;6;23;23;23;NA;NA;NA;NA;NA;25;19;13;NA;80
469;Eucalyptus ;1;32;0;32 0 NA;NA;NA;4;1198;19.85;14.8;20;NA;NA;NA;NA;NA;94;79;13;NA;NA;42;35;6;NA;NA;7;36;42;42;NA;NA;NA;NA;NA;13;10;9;NA;79
470;Eucalyptus ;1;32;0;32 0 NA;NA;NA;5;1185;25.27;18.2;22.6;NA;NA;NA;NA;NA;145;128;39;NA;NA;66;58;18;NA;NA;8;48;66;66;NA;NA;NA;NA;NA;12;10;12;NA;102
471;Eucalyptus ;1;32;0;32 0 NA;NA;NA;6;1173;29.98;21.3;24.8;NA;NA;NA;NA;NA;201;183;76;2;NA;93;85;35;1;NA;8;58;93;93;NA;NA;NA;NA;NA;13;13;15;NA;135
472;Eucalyptus ;1;32;0;32 0 NA;NA;NA;7;1162;34.11;24.2;27;NA;NA;NA;NA;NA;259;241;118;10;NA;123;114;56;5;NA;9;67;118;123;NA;NA;NA;NA;NA;14;15;19;NA;172
473;Eucalyptus ;1;32;0;32 0 NA;NA;NA;8;1151;37.75;27;28;NA;NA;NA;NA;NA;322;304;166;20;NA;156;147;80;9;NA;9;76;147;156;NA;NA;NA;NA;NA;16;19;24;NA;215
474;Eucalyptus ;1;32;0;32 0 NA;NA;NA;9;1140;41;29.6;29.9;NA;NA;NA;NA;NA;383;364;217;41;NA;189;180;107;20;NA;9;82;169;189;NA;NA;NA;NA;NA;18;22;29;NA;257
475;Eucalyptus ;1;32;0;32 0 NA;NA;NA;10;1129;43.92;32;31.5;NA;NA;NA;NA;NA;444;425;270;68;NA;223;214;136;34;NA;10;88;189;223;NA;NA;NA;NA;NA;20;26;34;NA;302
476;Eucalyptus ;1;32;0;32 0 NA;NA;NA;11;1118;46.59;34.3;33.1;NA;NA;NA;NA;NA;505;486;324;99;3;258;248;166;51;2;10;93;208;257;NA;NA;NA;NA;NA;22;30;39;NA;349
477;Eucalyptus ;1;32;0;32 0 NA;NA;NA;12;1107;49.03;36.4;33.8;NA;NA;NA;NA;NA;569;549;379;128;7;296;286;197;66;4;10;99;229;292;NA;NA;NA;NA;NA;24;34;44;NA;398
478;Eucalyptus ;1;32;0;32 0 NA;NA;NA;13;1095;51.28;38.4;35.4;NA;NA;NA;NA;NA;627;608;433;164;18;331;321;229;87;9;10;102;244;322;NA;NA;NA;NA;NA;26;38;50;NA;445
479;Eucalyptus ;1;32;0;32 0 NA;NA;NA;14;1083;53.39;40.3;36;NA;NA;NA;NA;NA;689;670;491;198;25;370;359;264;106;14;10;106;263;356;NA;NA;NA;NA;NA;28;42;55;NA;496
480;Eucalyptus ;1;32;0;32 0 NA;NA;NA;15;1070;55.36;42;37.4;NA;NA;NA;NA;NA;745;726;546;240;43;406;396;297;130;23;10;109;275;382;NA;NA;NA;NA;NA;30;46;61;NA;544
481;Eucalyptus ;1;32;0;32 0 NA;NA;NA;16;1057;57.21;43.6;38.7;NA;NA;NA;NA;NA;800;781;599;282;63;442;431;331;156;35;10;111;286;407;NA;NA;NA;NA;NA;32;50;66;NA;592
482;Eucalyptus ;1;32;0;32 0 NA;NA;NA;17;1044;58.97;45.2;39.3;NA;NA;NA;NA;NA;857;839;655;322;77;480;470;367;180;43;10;113;300;437;NA;NA;NA;NA;NA;35;54;72;NA;643
483;Eucalyptus ;1;32;0;32 0 NA;NA;NA;18;1030;60.65;46.6;40.6;NA;NA;NA;NA;NA;909;891;707;367;102;515;505;401;208;58;10;114;308;457;NA;NA;NA;NA;NA;37;58;77;NA;691
484;Eucalyptus ;2;24;0;24 0 NA;NA;NA;0;800;0;0.5;0;NA;NA;NA;NA;NA;NA;NA;NA;NA;NA;NA;NA;NA;NA;NA;NA;NA;NA;NA;NA;NA;NA;NA;NA;NA;NA;NA;NA;NA
485;Eucalyptus ;2;24;0;24 0 NA;NA;NA;1;799;0.02;2;0;NA;NA;NA;NA;NA;NA;NA;NA;NA;NA;NA;NA;NA;NA;NA;NA;NA;NA;NA;NA;NA;NA;NA;NA;NA;NA;NA;NA;NA
486;Eucalyptus ;2;24;0;24 0 NA;NA;NA;2;797;1.24;5;0;NA;NA;NA;NA;NA;NA;NA;NA;NA;NA;NA;NA;NA;NA;NA;NA;NA;NA;NA;NA;NA;NA;NA;NA;NA;NA;NA;NA;NA
487;Eucalyptus ;2;24;0;24 0 NA;NA;NA;3;796;3.88;7.5;10.8;NA;NA;NA;NA;NA;11;3;NA;NA;NA;5;1;NA;NA;NA;3;5;5;5;NA;NA;NA;NA;NA;5;4;3;NA;17
488;Eucalyptus ;2;24;0;24 0 NA;NA;NA;4;784;7.81;10.2;15.1;NA;NA;NA;NA;NA;27;19;NA;NA;NA;12;8;NA;NA;NA;4;12;12;12;NA;NA;NA;NA;NA;4;3;3;NA;23
489;Eucalyptus ;2;24;0;24 0 NA;NA;NA;5;775;11.9;12.9;18.3;NA;NA;NA;NA;NA;50;41;4;NA;NA;23;19;2;NA;NA;4;21;23;23;NA;NA;NA;NA;NA;4;4;4;NA;36
490;Eucalyptus ;2;24;0;24 0 NA;NA;NA;6;765;15.81;15.4;21.7;NA;NA;NA;NA;NA;77;68;20;NA;NA;36;32;9;NA;NA;4;27;36;36;NA;NA;NA;NA;NA;5;5;6;NA;52
491;Eucalyptus ;2;24;0;24 0 NA;NA;NA;7;757;19.43;17.8;24.3;NA;NA;NA;NA;NA;108;98;41;1;NA;51;47;19;NA;NA;5;32;51;51;NA;NA;NA;NA;NA;6;6;8;NA;71
492;Eucalyptus ;2;24;0;24 0 NA;NA;NA;8;748;22.77;20;26.5;NA;NA;NA;NA;NA;141;131;67;6;NA;68;63;33;3;NA;5;36;65;68;NA;NA;NA;NA;NA;7;8;10;NA;94
493;Eucalyptus ;2;24;0;24 0 NA;NA;NA;9;740;25.85;22.1;27.9;NA;NA;NA;NA;NA;175;166;97;12;NA;87;82;48;6;NA;5;39;80;87;NA;NA;NA;NA;NA;8;10;13;NA;118
494;Eucalyptus ;2;24;0;24 0 NA;NA;NA;10;731;28.73;24;29.8;NA;NA;NA;NA;NA;210;201;128;28;NA;106;101;65;14;NA;5;41;92;106;NA;NA;NA;NA;NA;9;12;16;NA;143
495;Eucalyptus ;2;24;0;24 0 NA;NA;NA;11;722;31.44;25.8;31.6;NA;NA;NA;NA;NA;245;235;162;47;NA;125;120;83;24;NA;5;43;101;125;NA;NA;NA;NA;NA;11;14;19;NA;169
496;Eucalyptus ;2;24;0;24 0 NA;NA;NA;12;713;34.01;27.4;33.5;NA;NA;NA;NA;NA;279;270;195;70;3;145;140;102;36;2;5;44;109;143;NA;NA;NA;NA;NA;12;17;22;NA;195
497;Eucalyptus ;2;24;0;24 0 NA;NA;NA;13;703;36.48;29;34.5;NA;NA;NA;NA;NA;316;307;231;92;7;167;162;122;49;4;5;45;118;163;NA;NA;NA;NA;NA;13;19;25;NA;224
498;Eucalyptus ;2;24;0;24 0 NA;NA;NA;14;693;38.86;30.4;36.1;NA;NA;NA;NA;NA;350;341;266;121;17;188;183;143;65;9;5;45;123;178;NA;NA;NA;NA;NA;14;21;28;NA;252
499;Eucalyptus ;2;24;0;24 0 NA;NA;NA;15;683;41.19;31.7;37.8;NA;NA;NA;NA;NA;384;375;301;151;31;209;204;164;82;17;5;45;127;192;NA;NA;NA;NA;NA;16;24;31;NA;280
500;Eucalyptus ;2;24;0;24 0 NA;NA;NA;16;673;43.47;32.8;38.7;NA;NA;NA;NA;NA;420;411;338;181;43;232;227;187;100;24;5;45;132;208;NA;NA;NA;NA;NA;17;26;35;NA;311
501;Eucalyptus ;2;24;0;24 0 NA;NA;NA;17;662;45.73;33.9;40.4;NA;NA;NA;NA;NA;452;444;373;214;63;253;249;209;120;35;5;44;133;218;NA;NA;NA;NA;NA;18;29;38;NA;339
502;Eucalyptus ;2;24;0;24 0 NA;NA;NA;18;651;47.97;34.9;41.3;NA;NA;NA;NA;NA;488;480;410;247;81;277;272;233;140;46;4;44;136;231;NA;NA;NA;NA;NA;20;31;41;NA;371
503;Eucalyptus ;2;26;0;26 0 NA;NA;NA;0;800;0;0.5;0;NA;NA;NA;NA;NA;NA;NA;NA;NA;NA;NA;NA;NA;NA;NA;NA;NA;NA;NA;NA;NA;NA;NA;NA;NA;NA;NA;NA;NA
504;Eucalyptus ;2;26;0;26 0 NA;NA;NA;1;799;0.03;2.2;0;NA;NA;NA;NA;NA;NA;NA;NA;NA;NA;NA;NA;NA;NA;NA;NA;NA;NA;NA;NA;NA;NA;NA;NA;NA;NA;NA;NA;NA
505;Eucalyptus ;2;26;0;26 0 NA;NA;NA;2;797;1.64;5.4;0;NA;NA;NA;NA;NA;NA;NA;NA;NA;NA;NA;NA;NA;NA;NA;NA;NA;NA;NA;NA;NA;NA;NA;NA;NA;NA;NA;NA;NA
506;Eucalyptus ;2;26;0;26 0 NA;NA;NA;3;796;4.96;8.1;12.1;NA;NA;NA;NA;NA;15;7;NA;NA;NA;6;3;NA;NA;NA;3;6;6;6;NA;NA;NA;NA;NA;7;5;4;NA;22
507;Eucalyptus ;2;26;0;26 0 NA;NA;NA;4;785;9.38;11;16.5;NA;NA;NA;NA;NA;35;26;1;NA;NA;16;12;NA;NA;NA;4;15;16;16;NA;NA;NA;NA;NA;5;4;3;NA;29
508;Eucalyptus ;2;26;0;26 0 NA;NA;NA;5;776;13.78;13.9;19.8;NA;NA;NA;NA;NA;62;53;10;NA;NA;28;24;5;NA;NA;4;24;28;28;NA;NA;NA;NA;NA;5;4;5;NA;44
509;Eucalyptus ;2;26;0;26 0 NA;NA;NA;6;767;17.87;16.7;22.6;NA;NA;NA;NA;NA;94;85;30;NA;NA;44;39;14;NA;NA;4;30;44;44;NA;NA;NA;NA;NA;6;6;7;NA;63
510;Eucalyptus ;2;26;0;26 0 NA;NA;NA;7;759;21.61;19.2;25.1;NA;NA;NA;NA;NA;130;120;56;2;NA;62;57;27;1;NA;5;35;61;62;NA;NA;NA;NA;NA;7;8;10;NA;86
511;Eucalyptus ;2;26;0;26 0 NA;NA;NA;8;751;25.02;21.7;27.5;NA;NA;NA;NA;NA;167;157;88;10;NA;81;76;42;5;NA;5;38;76;81;NA;NA;NA;NA;NA;8;10;12;NA;111
512;Eucalyptus ;2;26;0;26 0 NA;NA;NA;9;743;28.15;23.9;29.4;NA;NA;NA;NA;NA;205;196;122;24;NA;101;97;60;12;NA;5;41;90;101;NA;NA;NA;NA;NA;10;12;15;NA;138
513;Eucalyptus ;2;26;0;26 0 NA;NA;NA;10;735;31.08;26;31.3;NA;NA;NA;NA;NA;244;235;158;44;NA;123;118;79;22;NA;5;43;101;123;NA;NA;NA;NA;NA;11;14;18;NA;166
514;Eucalyptus ;2;26;0;26 0 NA;NA;NA;11;726;33.83;27.9;32.4;NA;NA;NA;NA;NA;285;276;197;64;1;146;141;101;33;1;5;45;113;146;NA;NA;NA;NA;NA;12;17;22;NA;197
515;Eucalyptus ;2;26;0;26 0 NA;NA;NA;12;718;36.45;29.7;34.3;NA;NA;NA;NA;NA;324;315;235;91;7;169;164;122;47;3;5;46;121;165;NA;NA;NA;NA;NA;14;19;25;NA;227
516;Eucalyptus ;2;26;0;26 0 NA;NA;NA;13;709;38.98;31.4;35.9;NA;NA;NA;NA;NA;363;354;274;122;17;192;187;145;64;9;5;47;128;183;NA;NA;NA;NA;NA;15;22;29;NA;258
517;Eucalyptus ;2;26;0;26 0 NA;NA;NA;14;699;41.43;32.9;37;NA;NA;NA;NA;NA;404;395;315;152;25;217;212;169;82;13;5;48;135;203;NA;NA;NA;NA;NA;17;25;32;NA;291
518;Eucalyptus ;2;26;0;26 0 NA;NA;NA;15;690;43.84;34.3;38.5;NA;NA;NA;NA;NA;442;434;355;188;43;241;236;193;102;23;5;48;139;217;NA;NA;NA;NA;NA;18;27;36;NA;323
519;Eucalyptus ;2;26;0;26 0 NA;NA;NA;16;679;46.21;35.6;40.2;NA;NA;NA;NA;NA;480;471;394;224;65;265;260;218;124;36;5;47;141;229;NA;NA;NA;NA;NA;19;30;40;NA;355
520;Eucalyptus ;2;26;0;26 0 NA;NA;NA;17;669;48.56;36.7;41.2;NA;NA;NA;NA;NA;520;512;436;261;84;291;287;244;146;47;5;47;145;244;NA;NA;NA;NA;NA;21;33;43;NA;390
521;Eucalyptus ;2;26;0;26 0 NA;NA;NA;18;658;50.91;37.8;42.7;NA;NA;NA;NA;NA;558;550;476;301;112;316;312;270;170;64;5;46;146;253;NA;NA;NA;NA;NA;23;36;47;NA;424
522;Eucalyptus ;2;28;0;28 0 NA;NA;NA;0;800;0;0.5;0;NA;NA;NA;NA;NA;NA;NA;NA;NA;NA;NA;NA;NA;NA;NA;NA;NA;NA;NA;NA;NA;NA;NA;NA;NA;NA;NA;NA;NA
523;Eucalyptus ;2;28;0;28 0 NA;NA;NA;1;799;0.04;2.4;0;NA;NA;NA;NA;NA;NA;NA;NA;NA;NA;NA;NA;NA;NA;NA;NA;NA;NA;NA;NA;NA;NA;NA;NA;NA;NA;NA;NA;NA
524;Eucalyptus ;2;28;0;28 0 NA;NA;NA;2;797;2.14;5.8;0;NA;NA;NA;NA;NA;NA;NA;NA;NA;NA;NA;NA;NA;NA;NA;NA;NA;NA;NA;NA;NA;NA;NA;NA;NA;NA;NA;NA;NA
525;Eucalyptus ;2;28;0;28 0 NA;NA;NA;3;796;6.22;8.7;12.8;NA;NA;NA;NA;NA;20;11;NA;NA;NA;8;5;NA;NA;NA;4;8;8;8;NA;NA;NA;NA;NA;9;7;5;NA;30
526;Eucalyptus ;2;28;0;28 0 NA;NA;NA;4;785;11.12;11.9;17.7;NA;NA;NA;NA;NA;44;35;2;NA;NA;20;15;1;NA;NA;4;19;20;20;NA;NA;NA;NA;NA;6;5;4;NA;37
527;Eucalyptus ;2;28;0;28 0 NA;NA;NA;5;776;15.79;15;20.9;NA;NA;NA;NA;NA;76;67;17;NA;NA;35;30;8;NA;NA;4;27;35;35;NA;NA;NA;NA;NA;6;5;6;NA;54
528;Eucalyptus ;2;28;0;28 0 NA;NA;NA;6;768;20.03;17.9;24.4;NA;NA;NA;NA;NA;112;103;43;1;NA;52;48;20;NA;NA;5;32;52;52;NA;NA;NA;NA;NA;7;7;8;NA;75
529;Eucalyptus ;2;28;0;28 0 NA;NA;NA;7;761;23.85;20.7;26.8;NA;NA;NA;NA;NA;152;142;75;7;NA;72;68;36;3;NA;5;37;69;72;NA;NA;NA;NA;NA;9;9;11;NA;101
530;Eucalyptus ;2;28;0;28 0 NA;NA;NA;8;753;27.31;23.3;28.2;NA;NA;NA;NA;NA;196;186;111;16;NA;95;90;54;8;NA;5;41;87;95;NA;NA;NA;NA;NA;10;11;15;NA;130
531;Eucalyptus ;2;28;0;28 0 NA;NA;NA;9;746;30.48;25.8;30.3;NA;NA;NA;NA;NA;239;229;150;35;NA;118;113;74;17;NA;5;44;101;118;NA;NA;NA;NA;NA;11;14;18;NA;161
532;Eucalyptus ;2;28;0;28 0 NA;NA;NA;10;738;33.44;28;32.1;NA;NA;NA;NA;NA;283;273;192;60;1;142;137;96;30;NA;5;46;112;142;NA;NA;NA;NA;NA;13;17;21;NA;193
533;Eucalyptus ;2;28;0;28 0 NA;NA;NA;11;730;36.23;30.1;34;NA;NA;NA;NA;NA;326;317;234;88;6;167;162;120;45;3;5;47;122;164;NA;NA;NA;NA;NA;14;19;25;NA;225
534;Eucalyptus ;2;28;0;28 0 NA;NA;NA;12;722;38.9;32;35.6;NA;NA;NA;NA;NA;370;361;277;120;16;193;188;144;62;8;5;48;130;184;NA;NA;NA;NA;NA;16;22;29;NA;259
535;Eucalyptus ;2;28;0;28 0 NA;NA;NA;13;713;41.48;33.8;36.8;NA;NA;NA;NA;NA;416;406;322;153;24;220;215;170;81;13;5;49;139;207;NA;NA;NA;NA;NA;17;25;33;NA;295
536;Eucalyptus ;2;28;0;28 0 NA;NA;NA;14;705;44;35.4;38.3;NA;NA;NA;NA;NA;459;450;367;191;42;246;241;197;102;23;5;50;144;224;NA;NA;NA;NA;NA;19;28;37;NA;331
537;Eucalyptus ;2;28;0;28 0 NA;NA;NA;15;695;46.49;36.9;40;NA;NA;NA;NA;NA;501;492;410;230;65;273;268;223;125;35;5;50;147;238;NA;NA;NA;NA;NA;20;31;41;NA;366
538;Eucalyptus ;2;28;0;28 0 NA;NA;NA;16;686;48.96;38.3;41;NA;NA;NA;NA;NA;547;538;457;270;86;302;297;253;149;47;5;49;153;255;NA;NA;NA;NA;NA;22;34;45;NA;405
539;Eucalyptus ;2;28;0;28 0 NA;NA;NA;17;676;51.42;39.6;42.6;NA;NA;NA;NA;NA;589;581;502;314;115;330;325;281;176;65;5;49;154;265;NA;NA;NA;NA;NA;24;37;49;NA;442
540;Eucalyptus ;2;28;0;28 0 NA;NA;NA;18;665;53.89;40.7;43.6;NA;NA;NA;NA;NA;634;626;549;358;142;360;355;311;203;80;5;48;157;279;NA;NA;NA;NA;NA;26;41;54;NA;482
541;Eucalyptus ;2;30;0;30 0 NA;NA;NA;0;800;0;0.5;0;NA;NA;NA;NA;NA;NA;NA;NA;NA;NA;NA;NA;NA;NA;NA;NA;NA;NA;NA;NA;NA;NA;NA;NA;NA;NA;NA;NA;NA
542;Eucalyptus ;2;30;0;30 0 NA;NA;NA;1;799;0.06;2.5;0;NA;NA;NA;NA;NA;NA;NA;NA;NA;NA;NA;NA;NA;NA;NA;NA;NA;NA;NA;NA;NA;NA;NA;NA;NA;NA;NA;NA;NA
543;Eucalyptus ;2;30;0;30 0 NA;NA;NA;2;797;2.73;6.2;0;NA;NA;NA;NA;NA;NA;NA;NA;NA;NA;NA;NA;NA;NA;NA;NA;NA;NA;NA;NA;NA;NA;NA;NA;NA;NA;NA;NA;NA
544;Eucalyptus ;2;30;0;30 0 NA;NA;NA;3;796;7.69;9.3;14.8;NA;NA;NA;NA;NA;25;17;NA;NA;NA;11;7;NA;NA;NA;3;11;11;11;NA;NA;NA;NA;NA;12;9;6;NA;38
545;Eucalyptus ;2;30;0;30 0 NA;NA;NA;4;786;13.02;12.7;18.7;NA;NA;NA;NA;NA;55;46;6;NA;NA;24;20;3;NA;NA;4;22;24;24;NA;NA;NA;NA;NA;8;6;5;NA;46
546;Eucalyptus ;2;30;0;30 0 NA;NA;NA;5;777;17.92;16.1;22.5;NA;NA;NA;NA;NA;91;82;28;NA;NA;42;37;13;NA;NA;4;29;42;42;NA;NA;NA;NA;NA;8;7;7;NA;65
547;Eucalyptus ;2;30;0;30 0 NA;NA;NA;6;770;22.27;19.2;25.2;NA;NA;NA;NA;NA;134;124;59;2;NA;62;58;27;1;NA;5;35;61;62;NA;NA;NA;NA;NA;9;8;10;NA;90
548;Eucalyptus ;2;30;0;30 0 NA;NA;NA;7;762;26.15;22.2;27.7;NA;NA;NA;NA;NA;179;169;96;11;NA;85;80;46;5;NA;5;39;80;85;NA;NA;NA;NA;NA;10;11;13;NA;119
549;Eucalyptus ;2;30;0;30 0 NA;NA;NA;8;755;29.64;25;29.8;NA;NA;NA;NA;NA;226;216;138;29;NA;109;105;67;14;NA;5;43;95;109;NA;NA;NA;NA;NA;11;13;17;NA;150
550;Eucalyptus ;2;30;0;30 0 NA;NA;NA;9;748;32.84;27.6;31.7;NA;NA;NA;NA;NA;274;264;182;53;NA;135;130;90;26;NA;5;46;109;135;NA;NA;NA;NA;NA;13;16;20;NA;184
551;Eucalyptus ;2;30;0;30 0 NA;NA;NA;10;741;35.82;30;33.7;NA;NA;NA;NA;NA;322;312;227;82;5;162;157;114;41;2;5;48;120;160;NA;NA;NA;NA;NA;14;19;24;NA;219
552;Eucalyptus ;2;30;0;30 0 NA;NA;NA;11;734;38.64;32.2;34.7;NA;NA;NA;NA;NA;373;363;276;113;10;191;186;141;58;5;5;50;133;186;NA;NA;NA;NA;NA;16;22;29;NA;258
553;Eucalyptus ;2;30;0;30 0 NA;NA;NA;12;726;41.36;34.3;36.5;NA;NA;NA;NA;NA;421;411;324;150;23;219;214;168;78;12;5;51;141;207;NA;NA;NA;NA;NA;18;25;33;NA;295
554;Eucalyptus ;2;30;0;30 0 NA;NA;NA;13;718;44;36.2;38.1;NA;NA;NA;NA;NA;469;460;373;191;41;248;243;197;101;21;5;51;147;227;NA;NA;NA;NA;NA;20;28;37;NA;334
555;Eucalyptus ;2;30;0;30 0 NA;NA;NA;14;709;46.59;38;39.1;NA;NA;NA;NA;NA;520;511;424;231;58;279;274;227;124;31;5;52;155;248;NA;NA;NA;NA;NA;21;32;42;NA;375
556;Eucalyptus ;2;30;0;30 0 NA;NA;NA;15;701;49.16;39.6;40.7;NA;NA;NA;NA;NA;567;558;473;276;85;309;304;257;150;47;5;52;159;262;NA;NA;NA;NA;NA;23;35;46;NA;415
557;Eucalyptus ;2;30;0;30 0 NA;NA;NA;16;691;51.72;41;42.3;NA;NA;NA;NA;NA;615;606;522;323;117;339;335;288;178;64;5;51;161;275;NA;NA;NA;NA;NA;25;38;51;NA;455
558;Eucalyptus ;2;30;0;30 0 NA;NA;NA;17;682;54.3;42.4;43.4;NA;NA;NA;NA;NA;665;656;575;372;145;372;367;322;208;81;5;51;164;291;NA;NA;NA;NA;NA;27;42;56;NA;499
559;Eucalyptus ;2;30;0;30 0 NA;NA;NA;18;672;56.89;43.6;44.9;NA;NA;NA;NA;NA;713;704;625;423;184;404;399;354;240;104;5;50;164;299;NA;NA;NA;NA;NA;29;46;60;NA;541
560;Eucalyptus ;2;32;0;32 0 NA;NA;NA;0;800;0;0.5;0;NA;NA;NA;NA;NA;NA;NA;NA;NA;NA;NA;NA;NA;NA;NA;NA;NA;NA;NA;NA;NA;NA;NA;NA;NA;NA;NA;NA;NA
561;Eucalyptus ;2;32;0;32 0 NA;NA;NA;1;799;0.08;2.7;0;NA;NA;NA;NA;NA;NA;NA;NA;NA;NA;NA;NA;NA;NA;NA;NA;NA;NA;NA;NA;NA;NA;NA;NA;NA;NA;NA;NA;NA
562;Eucalyptus ;2;32;0;32 0 NA;NA;NA;2;797;3.42;6.6;0;NA;NA;NA;NA;NA;NA;NA;NA;NA;NA;NA;NA;NA;NA;NA;NA;NA;NA;NA;NA;NA;NA;NA;NA;NA;NA;NA;NA;NA
563;Eucalyptus ;2;32;0;32 0 NA;NA;NA;3;796;9.37;9.9;15.7;NA;NA;NA;NA;NA;32;24;NA;NA;NA;14;10;NA;NA;NA;4;14;14;14;NA;NA;NA;NA;NA;15;12;8;NA;49
564;Eucalyptus ;2;32;0;32 0 NA;NA;NA;4;786;15.09;13.6;20.4;NA;NA;NA;NA;NA;66;58;13;NA;NA;30;26;6;NA;NA;4;24;30;30;NA;NA;NA;NA;NA;9;7;7;NA;55
565;Eucalyptus ;2;32;0;32 0 NA;NA;NA;5;778;20.17;17.1;23.5;NA;NA;NA;NA;NA;109;100;40;NA;NA;50;45;18;NA;NA;4;31;50;50;NA;NA;NA;NA;NA;9;8;9;NA;77
566;Eucalyptus ;2;32;0;32 0 NA;NA;NA;6;771;24.6;20.5;26.1;NA;NA;NA;NA;NA;157;147;78;4;NA;73;69;36;2;NA;5;37;71;73;NA;NA;NA;NA;NA;10;10;12;NA;105
567;Eucalyptus ;2;32;0;32 0 NA;NA;NA;7;764;28.5;23.7;28.5;NA;NA;NA;NA;NA;208;198;121;19;NA;99;94;57;9;NA;5;41;90;99;NA;NA;NA;NA;NA;12;12;15;NA;138
568;Eucalyptus ;2;32;0;32 0 NA;NA;NA;8;757;32.01;26.7;30.7;NA;NA;NA;NA;NA;260;250;167;42;NA;126;121;81;20;NA;5;45;106;126;NA;NA;NA;NA;NA;13;15;19;NA;173
569;Eucalyptus ;2;32;0;32 0 NA;NA;NA;9;750;35.22;29.4;32.5;NA;NA;NA;NA;NA;313;303;217;71;1;155;150;107;35;1;5;48;120;154;NA;NA;NA;NA;NA;15;18;23;NA;211
570;Eucalyptus ;2;32;0;32 0 NA;NA;NA;10;744;38.22;32;34.4;NA;NA;NA;NA;NA;367;357;268;105;8;184;179;135;53;4;5;50;132;180;NA;NA;NA;NA;NA;16;21;28;NA;250
571;Eucalyptus ;2;32;0;32 0 NA;NA;NA;11;737;41.07;34.4;36.2;NA;NA;NA;NA;NA;420;410;320;144;21;215;210;164;74;11;5;51;141;204;NA;NA;NA;NA;NA;18;25;32;NA;290
572;Eucalyptus ;2;32;0;32 0 NA;NA;NA;12;729;43.83;36.6;37.2;NA;NA;NA;NA;NA;476;466;375;184;32;247;242;195;96;17;5;53;152;231;NA;NA;NA;NA;NA;20;28;37;NA;333
573;Eucalyptus ;2;32;0;32 0 NA;NA;NA;13;722;46.52;38.6;38.8;NA;NA;NA;NA;NA;529;519;428;230;56;280;274;226;122;29;5;53;158;250;NA;NA;NA;NA;NA;22;32;42;NA;376
574;Eucalyptus ;2;32;0;32 0 NA;NA;NA;14;714;49.19;40.5;40.5;NA;NA;NA;NA;NA;581;571;482;278;84;312;307;259;149;45;5;53;163;267;NA;NA;NA;NA;NA;24;35;47;NA;419
575;Eucalyptus ;2;32;0;32 0 NA;NA;NA;15;705;51.84;42.2;42.1;NA;NA;NA;NA;NA;633;624;536;328;116;345;340;292;179;63;5;53;166;282;NA;NA;NA;NA;NA;26;39;51;NA;463
576;Eucalyptus ;2;32;0;32 0 NA;NA;NA;16;696;54.51;43.8;43.1;NA;NA;NA;NA;NA;689;680;594;380;146;381;375;328;210;80;5;53;171;300;NA;NA;NA;NA;NA;28;43;57;NA;510
577;Eucalyptus ;2;32;0;32 0 NA;NA;NA;17;687;57.2;45.2;44.7;NA;NA;NA;NA;NA;742;733;649;436;187;415;410;363;244;105;5;52;171;311;NA;NA;NA;NA;NA;30;47;62;NA;557
578;Eucalyptus ;2;32;0;32 0 NA;NA;NA;18;678;59.94;46.5;45.7;NA;NA;NA;NA;NA;799;790;708;492;227;453;448;402;279;128;5;51;174;324;NA;NA;NA;NA;NA;32;51;68;NA;607
579;Eucalyptus ;2;24;0;24 0 NA;NA;NA;0;1250;0;0.5;0;NA;NA;NA;NA;NA;NA;NA;NA;NA;NA;NA;NA;NA;NA;NA;NA;NA;NA;NA;NA;NA;NA;NA;NA;NA;NA;NA;NA;NA
580;Eucalyptus ;2;24;0;24 0 NA;NA;NA;1;1248;0.06;2;0;NA;NA;NA;NA;NA;NA;NA;NA;NA;NA;NA;NA;NA;NA;NA;NA;NA;NA;NA;NA;NA;NA;NA;NA;NA;NA;NA;NA;NA
581;Eucalyptus ;2;24;0;24 0 NA;NA;NA;2;1246;1.62;5;0;NA;NA;NA;NA;NA;NA;NA;NA;NA;NA;NA;NA;NA;NA;NA;NA;NA;NA;NA;NA;NA;NA;NA;NA;NA;NA;NA;NA;NA
582;Eucalyptus ;2;24;0;24 0 NA;NA;NA;3;1244;3.78;7.5;9;NA;NA;NA;NA;NA;11;1;NA;NA;NA;5;1;NA;NA;NA;4;5;5;5;NA;NA;NA;NA;NA;5;4;3;NA;17
583;Eucalyptus ;2;24;0;24 0 NA;NA;NA;4;1226;7.66;10.2;12.2;NA;NA;NA;NA;NA;28;13;NA;NA;NA;12;6;NA;NA;NA;7;12;12;12;NA;NA;NA;NA;NA;4;3;3;NA;23
584;Eucalyptus ;2;24;0;24 0 NA;NA;NA;5;1210;11.72;12.9;15.9;NA;NA;NA;NA;NA;50;33;1;NA;NA;23;15;NA;NA;NA;8;23;23;23;NA;NA;NA;NA;NA;4;4;4;NA;35
585;Eucalyptus ;2;24;0;24 0 NA;NA;NA;6;1196;15.6;15.4;18.4;NA;NA;NA;NA;NA;78;60;6;NA;NA;36;28;3;NA;NA;9;34;36;36;NA;NA;NA;NA;NA;5;5;6;NA;52
586;Eucalyptus ;2;24;0;24 0 NA;NA;NA;7;1182;19.21;17.8;20;NA;NA;NA;NA;NA;110;91;15;NA;NA;52;43;7;NA;NA;9;45;52;52;NA;NA;NA;NA;NA;6;7;8;NA;73
587;Eucalyptus ;2;24;0;24 0 NA;NA;NA;8;1169;22.54;20;21.9;NA;NA;NA;NA;NA;143;124;33;NA;NA;69;60;16;NA;NA;9;53;69;69;NA;NA;NA;NA;NA;7;8;11;NA;95
588;Eucalyptus ;2;24;0;24 0 NA;NA;NA;9;1156;25.63;22.1;23.9;NA;NA;NA;NA;NA;176;157;56;NA;NA;87;78;28;NA;NA;9;60;87;87;NA;NA;NA;NA;NA;8;10;13;NA;119
589;Eucalyptus ;2;24;0;24 0 NA;NA;NA;10;1142;28.51;24;25.8;NA;NA;NA;NA;NA;211;192;82;4;NA;106;96;41;2;NA;10;65;104;106;NA;NA;NA;NA;NA;9;12;16;NA;143
590;Eucalyptus ;2;24;0;24 0 NA;NA;NA;11;1128;31.22;25.8;26.7;NA;NA;NA;NA;NA;247;229;108;9;NA;126;117;55;5;NA;10;71;122;126;NA;NA;NA;NA;NA;11;15;19;NA;171
591;Eucalyptus ;2;24;0;24 0 NA;NA;NA;12;1114;33.79;27.4;28.3;NA;NA;NA;NA;NA;282;263;140;20;NA;147;137;73;10;NA;10;74;136;147;NA;NA;NA;NA;NA;12;17;22;NA;197
592;Eucalyptus ;2;24;0;24 0 NA;NA;NA;13;1099;36.26;29;29.9;NA;NA;NA;NA;NA;316;298;172;34;NA;167;157;91;18;NA;9;76;149;167;NA;NA;NA;NA;NA;13;19;25;NA;224
593;Eucalyptus ;2;24;0;24 0 NA;NA;NA;14;1083;38.65;30.4;30.7;NA;NA;NA;NA;NA;352;335;205;47;NA;189;180;110;25;NA;9;79;164;189;NA;NA;NA;NA;NA;15;21;28;NA;254
594;Eucalyptus ;2;24;0;24 0 NA;NA;NA;15;1067;40.98;31.7;32.4;NA;NA;NA;NA;NA;385;368;239;68;2;209;200;130;37;1;9;79;172;208;NA;NA;NA;NA;NA;16;24;31;NA;281
595;Eucalyptus ;2;24;0;24 0 NA;NA;NA;16;1051;43.27;32.8;33.1;NA;NA;NA;NA;NA;421;405;274;88;3;233;224;151;48;2;9;81;184;231;NA;NA;NA;NA;NA;17;26;35;NA;312
596;Eucalyptus ;2;24;0;24 0 NA;NA;NA;17;1034;45.52;33.9;34.6;NA;NA;NA;NA;NA;453;438;309;114;10;254;245;173;64;6;9;81;190;248;NA;NA;NA;NA;NA;18;29;38;NA;340
597;Eucalyptus ;2;24;0;24 0 NA;NA;NA;18;1017;47.76;34.9;36.1;NA;NA;NA;NA;NA;485;470;344;142;21;275;266;195;80;12;9;80;195;263;NA;NA;NA;NA;NA;20;31;41;NA;369
598;Eucalyptus ;2;26;0;26 0 NA;NA;NA;0;1250;0;0.5;0;NA;NA;NA;NA;NA;NA;NA;NA;NA;NA;NA;NA;NA;NA;NA;NA;NA;NA;NA;NA;NA;NA;NA;NA;NA;NA;NA;NA;NA
599;Eucalyptus ;2;26;0;26 0 NA;NA;NA;1;1248;0.09;2.2;0;NA;NA;NA;NA;NA;NA;NA;NA;NA;NA;NA;NA;NA;NA;NA;NA;NA;NA;NA;NA;NA;NA;NA;NA;NA;NA;NA;NA;NA
600;Eucalyptus ;2;26;0;26 0 NA;NA;NA;2;1246;2.15;5.4;0;NA;NA;NA;NA;NA;NA;NA;NA;NA;NA;NA;NA;NA;NA;NA;NA;NA;NA;NA;NA;NA;NA;NA;NA;NA;NA;NA;NA;NA
601;Eucalyptus ;2;26;0;26 0 NA;NA;NA;3;1244;4.83;8.1;9.5;NA;NA;NA;NA;NA;15;3;NA;NA;NA;6;1;NA;NA;NA;5;6;6;6;NA;NA;NA;NA;NA;7;5;4;NA;23
602;Eucalyptus ;2;26;0;26 0 NA;NA;NA;4;1227;9.2;11;14;NA;NA;NA;NA;NA;35;20;NA;NA;NA;15;9;NA;NA;NA;7;15;15;15;NA;NA;NA;NA;NA;5;4;3;NA;29
603;Eucalyptus ;2;26;0;26 0 NA;NA;NA;5;1212;13.56;13.9;16.9;NA;NA;NA;NA;NA;62;45;2;NA;NA;28;20;1;NA;NA;8;28;28;28;NA;NA;NA;NA;NA;5;4;5;NA;44
604;Eucalyptus ;2;26;0;26 0 NA;NA;NA;6;1198;17.64;16.7;19.2;NA;NA;NA;NA;NA;95;76;9;NA;NA;44;35;4;NA;NA;9;40;44;44;NA;NA;NA;NA;NA;6;6;7;NA;64
605;Eucalyptus ;2;26;0;26 0 NA;NA;NA;7;1186;21.37;19.2;21.4;NA;NA;NA;NA;NA;130;111;26;NA;NA;62;53;12;NA;NA;9;50;62;62;NA;NA;NA;NA;NA;7;8;10;NA;87
606;Eucalyptus ;2;26;0;26 0 NA;NA;NA;8;1173;24.77;21.7;23.6;NA;NA;NA;NA;NA;167;148;49;NA;NA;81;72;24;NA;NA;9;58;81;81;NA;NA;NA;NA;NA;8;10;12;NA;111
607;Eucalyptus ;2;26;0;26 0 NA;NA;NA;9;1161;27.91;23.9;24.5;NA;NA;NA;NA;NA;208;188;74;1;NA;103;93;36;1;NA;10;66;102;103;NA;NA;NA;NA;NA;10;12;16;NA;140
608;Eucalyptus ;2;26;0;26 0 NA;NA;NA;10;1148;30.84;26;26.5;NA;NA;NA;NA;NA;246;227;104;8;NA;124;114;52;4;NA;10;71;120;124;NA;NA;NA;NA;NA;11;14;19;NA;168
609;Eucalyptus ;2;26;0;26 0 NA;NA;NA;11;1135;33.59;27.9;28.1;NA;NA;NA;NA;NA;285;266;137;19;NA;146;136;70;9;NA;10;76;137;146;NA;NA;NA;NA;NA;12;17;22;NA;197
610;Eucalyptus ;2;26;0;26 0 NA;NA;NA;12;1121;36.22;29.7;29.7;NA;NA;NA;NA;NA;324;305;173;33;NA;168;159;90;17;NA;10;78;151;168;NA;NA;NA;NA;NA;14;19;25;NA;227
611;Eucalyptus ;2;26;0;26 0 NA;NA;NA;13;1107;38.75;31.4;30.5;NA;NA;NA;NA;NA;365;347;210;47;NA;193;183;111;25;NA;10;82;168;193;NA;NA;NA;NA;NA;15;22;29;NA;259
612;Eucalyptus ;2;26;0;26 0 NA;NA;NA;14;1093;41.2;32.9;32.2;NA;NA;NA;NA;NA;402;384;247;69;2;216;206;132;37;1;10;83;179;215;NA;NA;NA;NA;NA;17;24;32;NA;290
613;Eucalyptus ;2;26;0;26 0 NA;NA;NA;15;1077;43.61;34.3;32.9;NA;NA;NA;NA;NA;443;426;286;90;3;241;232;156;49;2;9;86;192;239;NA;NA;NA;NA;NA;18;27;36;NA;324
614;Eucalyptus ;2;26;0;26 0 NA;NA;NA;16;1062;45.99;35.6;34.5;NA;NA;NA;NA;NA;480;463;325;118;10;265;256;179;65;6;9;85;200;259;NA;NA;NA;NA;NA;19;30;40;NA;355
615;Eucalyptus ;2;26;0;26 0 NA;NA;NA;17;1045;48.34;36.7;35.3;NA;NA;NA;NA;NA;519;503;365;144;16;291;282;204;80;9;9;86;210;282;NA;NA;NA;NA;NA;21;33;43;NA;390
616;Eucalyptus ;2;26;0;26 0 NA;NA;NA;18;1029;50.7;37.8;36.7;NA;NA;NA;NA;NA;556;541;405;177;30;315;307;230;100;17;9;86;215;298;NA;NA;NA;NA;NA;22;36;47;NA;423
617;Eucalyptus ;2;28;0;28 0 NA;NA;NA;0;1250;0;0.5;0;NA;NA;NA;NA;NA;NA;NA;NA;NA;NA;NA;NA;NA;NA;NA;NA;NA;NA;NA;NA;NA;NA;NA;NA;NA;NA;NA;NA;NA
618;Eucalyptus ;2;28;0;28 0 NA;NA;NA;1;1248;0.13;2.4;0;NA;NA;NA;NA;NA;NA;NA;NA;NA;NA;NA;NA;NA;NA;NA;NA;NA;NA;NA;NA;NA;NA;NA;NA;NA;NA;NA;NA;NA
619;Eucalyptus ;2;28;0;28 0 NA;NA;NA;2;1246;2.8;5.8;0;NA;NA;NA;NA;NA;NA;NA;NA;NA;NA;NA;NA;NA;NA;NA;NA;NA;NA;NA;NA;NA;NA;NA;NA;NA;NA;NA;NA;NA
620;Eucalyptus ;2;28;0;28 0 NA;NA;NA;3;1244;6.06;8.7;11.6;NA;NA;NA;NA;NA;19;6;NA;NA;NA;8;3;NA;NA;NA;6;8;8;8;NA;NA;NA;NA;NA;9;7;5;NA;29
621;Eucalyptus ;2;28;0;28 0 NA;NA;NA;4;1227;10.89;11.9;14.8;NA;NA;NA;NA;NA;44;28;NA;NA;NA;20;12;NA;NA;NA;7;20;20;20;NA;NA;NA;NA;NA;6;5;4;NA;37
622;Eucalyptus ;2;28;0;28 0 NA;NA;NA;5;1213;15.54;15;17.7;NA;NA;NA;NA;NA;77;58;3;NA;NA;35;26;1;NA;NA;9;33;35;35;NA;NA;NA;NA;NA;7;6;6;NA;54
623;Eucalyptus ;2;28;0;28 0 NA;NA;NA;6;1201;19.77;17.9;20.1;NA;NA;NA;NA;NA;114;94;16;NA;NA;53;44;7;NA;NA;9;46;53;53;NA;NA;NA;NA;NA;7;7;9;NA;77
624;Eucalyptus ;2;28;0;28 0 NA;NA;NA;7;1189;23.58;20.7;22.1;NA;NA;NA;NA;NA;155;135;38;NA;NA;73;64;18;NA;NA;9;56;73;73;NA;NA;NA;NA;NA;9;9;11;NA;103
625;Eucalyptus ;2;28;0;28 0 NA;NA;NA;8;1177;27.04;23.3;24.2;NA;NA;NA;NA;NA;197;177;65;1;NA;95;86;32;NA;NA;10;64;95;95;NA;NA;NA;NA;NA;10;11;15;NA;131
626;Eucalyptus ;2;28;0;28 0 NA;NA;NA;9;1165;30.22;25.8;26.2;NA;NA;NA;NA;NA;239;219;97;6;NA;118;108;48;3;NA;10;70;115;118;NA;NA;NA;NA;NA;11;14;18;NA;161
627;Eucalyptus ;2;28;0;28 0 NA;NA;NA;10;1153;33.18;28;27.8;NA;NA;NA;NA;NA;283;263;132;17;NA;142;132;67;8;NA;10;76;134;142;NA;NA;NA;NA;NA;13;17;21;NA;193
628;Eucalyptus ;2;28;0;28 0 NA;NA;NA;11;1141;35.98;30.1;28.8;NA;NA;NA;NA;NA;329;309;170;26;NA;168;158;87;13;NA;10;81;155;168;NA;NA;NA;NA;NA;14;19;25;NA;227
629;Eucalyptus ;2;28;0;28 0 NA;NA;NA;12;1128;38.65;32;30.3;NA;NA;NA;NA;NA;372;353;210;45;NA;193;183;109;23;NA;10;84;170;193;NA;NA;NA;NA;NA;16;22;29;NA;260
630;Eucalyptus ;2;28;0;28 0 NA;NA;NA;13;1115;41.24;33.8;32;NA;NA;NA;NA;NA;413;394;251;68;2;218;208;132;36;1;10;86;182;217;NA;NA;NA;NA;NA;17;25;33;NA;293
631;Eucalyptus ;2;28;0;28 0 NA;NA;NA;14;1101;43.76;35.4;32.8;NA;NA;NA;NA;NA;459;441;294;90;3;246;237;158;48;2;10;89;198;245;NA;NA;NA;NA;NA;19;28;37;NA;331
632;Eucalyptus ;2;28;0;28 0 NA;NA;NA;15;1086;46.25;36.9;34.3;NA;NA;NA;NA;NA;500;483;337;120;10;273;263;183;65;6;10;89;207;267;NA;NA;NA;NA;NA;20;31;41;NA;366
633;Eucalyptus ;2;28;0;28 0 NA;NA;NA;16;1071;48.72;38.3;35.2;NA;NA;NA;NA;NA;545;528;381;148;16;301;292;210;82;9;9;91;219;292;NA;NA;NA;NA;NA;22;34;45;NA;404
634;Eucalyptus ;2;28;0;28 0 NA;NA;NA;17;1056;51.19;39.6;36.6;NA;NA;NA;NA;NA;586;570;426;184;31;328;319;238;103;17;9;90;225;311;NA;NA;NA;NA;NA;24;37;49;NA;440
635;Eucalyptus ;2;28;0;28 0 NA;NA;NA;18;1039;53.66;40.7;38.2;NA;NA;NA;NA;NA;626;610;470;221;48;355;346;266;125;27;9;88;229;327;NA;NA;NA;NA;NA;25;40;53;NA;476
636;Eucalyptus ;2;30;0;30 0 NA;NA;NA;0;1250;0;0.5;0;NA;NA;NA;NA;NA;NA;NA;NA;NA;NA;NA;NA;NA;NA;NA;NA;NA;NA;NA;NA;NA;NA;NA;NA;NA;NA;NA;NA;NA
637;Eucalyptus ;2;30;0;30 0 NA;NA;NA;1;1248;0.19;2.5;0;NA;NA;NA;NA;NA;NA;NA;NA;NA;NA;NA;NA;NA;NA;NA;NA;NA;NA;NA;NA;NA;NA;NA;NA;NA;NA;NA;NA;NA
638;Eucalyptus ;2;30;0;30 0 NA;NA;NA;2;1246;3.57;6.2;0;NA;NA;NA;NA;NA;NA;NA;NA;NA;NA;NA;NA;NA;NA;NA;NA;NA;NA;NA;NA;NA;NA;NA;NA;NA;NA;NA;NA;NA
639;Eucalyptus ;2;30;0;30 0 NA;NA;NA;3;1244;7.48;9.3;12.1;NA;NA;NA;NA;NA;25;11;NA;NA;NA;11;5;NA;NA;NA;6;11;11;11;NA;NA;NA;NA;NA;12;9;6;NA;38
640;Eucalyptus ;2;30;0;30 0 NA;NA;NA;4;1228;12.76;12.7;15.3;NA;NA;NA;NA;NA;55;38;NA;NA;NA;25;17;NA;NA;NA;8;25;25;25;NA;NA;NA;NA;NA;8;6;5;NA;46
641;Eucalyptus ;2;30;0;30 0 NA;NA;NA;5;1214;17.63;16.1;19.1;NA;NA;NA;NA;NA;92;73;9;NA;NA;42;33;4;NA;NA;9;38;42;42;NA;NA;NA;NA;NA;8;7;7;NA;65
642;Eucalyptus ;2;30;0;30 0 NA;NA;NA;6;1202;21.98;19.2;21.5;NA;NA;NA;NA;NA;134;114;27;NA;NA;62;53;13;NA;NA;9;50;62;62;NA;NA;NA;NA;NA;9;8;10;NA;90
643;Eucalyptus ;2;30;0;30 0 NA;NA;NA;7;1191;25.85;22.2;23.7;NA;NA;NA;NA;NA;179;159;54;NA;NA;85;76;26;NA;NA;10;59;85;85;NA;NA;NA;NA;NA;10;11;13;NA;119
644;Eucalyptus ;2;30;0;30 0 NA;NA;NA;8;1180;29.35;25;24.8;NA;NA;NA;NA;NA;229;209;85;2;NA;111;101;41;1;NA;10;70;110;111;NA;NA;NA;NA;NA;12;13;17;NA;152
645;Eucalyptus ;2;30;0;30 0 NA;NA;NA;9;1169;32.55;27.6;26.7;NA;NA;NA;NA;NA;276;256;122;10;NA;136;126;60;5;NA;10;76;131;136;NA;NA;NA;NA;NA;13;16;21;NA;186
646;Eucalyptus ;2;30;0;30 0 NA;NA;NA;10;1158;35.54;30;28.5;NA;NA;NA;NA;NA;324;304;163;24;NA;163;153;82;12;NA;10;81;151;163;NA;NA;NA;NA;NA;15;19;25;NA;221
647;Eucalyptus ;2;30;0;30 0 NA;NA;NA;11;1146;38.37;32.2;30.1;NA;NA;NA;NA;NA;372;352;206;42;NA;190;180;105;22;NA;10;85;169;190;NA;NA;NA;NA;NA;16;22;29;NA;257
648;Eucalyptus ;2;30;0;30 0 NA;NA;NA;12;1134;41.09;34.3;30.9;NA;NA;NA;NA;NA;423;403;251;60;NA;220;210;130;31;NA;10;89;188;220;NA;NA;NA;NA;NA;18;25;33;NA;296
649;Eucalyptus ;2;30;0;30 0 NA;NA;NA;13;1122;43.74;36.2;32.6;NA;NA;NA;NA;NA;469;450;297;88;3;248;238;157;47;2;10;91;201;246;NA;NA;NA;NA;NA;20;28;37;NA;333
650;Eucalyptus ;2;30;0;30 0 NA;NA;NA;14;1108;46.33;38;34.1;NA;NA;NA;NA;NA;515;497;343;120;10;276;267;184;64;5;10;92;212;271;NA;NA;NA;NA;NA;21;31;41;NA;371
651;Eucalyptus ;2;30;0;30 0 NA;NA;NA;15;1095;48.91;39.6;35;NA;NA;NA;NA;NA;564;547;392;149;16;307;298;213;81;9;10;94;226;299;NA;NA;NA;NA;NA;23;35;46;NA;412
652;Eucalyptus ;2;30;0;30 0 NA;NA;NA;16;1080;51.47;41;36.4;NA;NA;NA;NA;NA;610;593;441;188;31;337;328;244;104;17;9;94;234;320;NA;NA;NA;NA;NA;25;38;50;NA;452
653;Eucalyptus ;2;30;0;30 0 NA;NA;NA;17;1065;54.05;42.4;37.2;NA;NA;NA;NA;NA;661;644;493;223;42;370;360;276;125;23;9;94;245;346;NA;NA;NA;NA;NA;27;42;55;NA;496
654;Eucalyptus ;2;30;0;30 0 NA;NA;NA;18;1050;56.65;43.6;38.8;NA;NA;NA;NA;NA;705;689;542;267;64;400;391;307;152;36;9;92;248;363;NA;NA;NA;NA;NA;28;45;60;NA;536
655;Eucalyptus ;2;32;0;32 0 NA;NA;NA;0;1250;0;0.5;0;NA;NA;NA;NA;NA;NA;NA;NA;NA;NA;NA;NA;NA;NA;NA;NA;NA;NA;NA;NA;NA;NA;NA;NA;NA;NA;NA;NA;NA
656;Eucalyptus ;2;32;0;32 0 NA;NA;NA;1;1248;0.26;2.7;0;NA;NA;NA;NA;NA;NA;NA;NA;NA;NA;NA;NA;NA;NA;NA;NA;NA;NA;NA;NA;NA;NA;NA;NA;NA;NA;NA;NA;NA
657;Eucalyptus ;2;32;0;32 0 NA;NA;NA;2;1246;4.48;6.6;0;NA;NA;NA;NA;NA;NA;NA;NA;NA;NA;NA;NA;NA;NA;NA;NA;NA;NA;NA;NA;NA;NA;NA;NA;NA;NA;NA;NA;NA
658;Eucalyptus ;2;32;0;32 0 NA;NA;NA;3;1244;9.12;9.9;12.6;NA;NA;NA;NA;NA;32;17;NA;NA;NA;14;8;NA;NA;NA;6;14;14;14;NA;NA;NA;NA;NA;16;12;8;NA;49
659;Eucalyptus ;2;32;0;32 0 NA;NA;NA;4;1228;14.79;13.6;17.4;NA;NA;NA;NA;NA;66;49;2;NA;NA;29;22;1;NA;NA;8;29;29;29;NA;NA;NA;NA;NA;9;7;6;NA;55
660;Eucalyptus ;2;32;0;32 0 NA;NA;NA;5;1216;19.85;17.1;20;NA;NA;NA;NA;NA;109;90;15;NA;NA;50;41;7;NA;NA;9;43;50;50;NA;NA;NA;NA;NA;9;8;9;NA;77
661;Eucalyptus ;2;32;0;32 0 NA;NA;NA;6;1204;24.28;20.5;22.2;NA;NA;NA;NA;NA;158;138;39;NA;NA;73;64;18;NA;NA;9;55;73;73;NA;NA;NA;NA;NA;10;10;12;NA;106
662;Eucalyptus ;2;32;0;32 0 NA;NA;NA;7;1193;28.19;23.7;24.3;NA;NA;NA;NA;NA;208;189;72;1;NA;99;90;34;NA;NA;9;65;99;99;NA;NA;NA;NA;NA;12;12;15;NA;138
663;Eucalyptus ;2;32;0;32 0 NA;NA;NA;8;1183;31.69;26.7;26.4;NA;NA;NA;NA;NA;260;239;109;8;NA;126;116;53;4;NA;10;73;122;126;NA;NA;NA;NA;NA;13;15;19;NA;173
664;Eucalyptus ;2;32;0;32 0 NA;NA;NA;9;1172;34.91;29.4;28.1;NA;NA;NA;NA;NA;313;292;151;20;NA;154;144;75;10;NA;10;80;144;154;NA;NA;NA;NA;NA;15;18;23;NA;210
665;Eucalyptus ;2;32;0;32 0 NA;NA;NA;10;1162;37.92;32;29.2;NA;NA;NA;NA;NA;368;348;197;32;NA;185;175;99;16;NA;10;86;169;185;NA;NA;NA;NA;NA;17;21;28;NA;250
666;Eucalyptus ;2;32;0;32 0 NA;NA;NA;11;1151;40.78;34.4;30.7;NA;NA;NA;NA;NA;421;401;245;56;NA;215;205;126;29;NA;10;90;186;215;NA;NA;NA;NA;NA;18;25;32;NA;290
667;Eucalyptus ;2;32;0;32 0 NA;NA;NA;12;1140;43.54;36.6;32.4;NA;NA;NA;NA;NA;471;452;294;85;3;245;235;153;44;1;10;92;201;244;NA;NA;NA;NA;NA;20;28;37;NA;330
668;Eucalyptus ;2;32;0;32 0 NA;NA;NA;13;1128;46.25;38.6;33.1;NA;NA;NA;NA;NA;528;509;347;112;5;279;269;183;59;3;10;96;220;276;NA;NA;NA;NA;NA;22;32;42;NA;375
669;Eucalyptus ;2;32;0;32 0 NA;NA;NA;14;1115;48.92;40.5;34.8;NA;NA;NA;NA;NA;577;559;398;148;15;310;300;213;80;8;10;96;230;302;NA;NA;NA;NA;NA;24;35;46;NA;416
670;Eucalyptus ;2;32;0;32 0 NA;NA;NA;15;1102;51.58;42.2;36.2;NA;NA;NA;NA;NA;628;610;451;189;30;342;332;245;103;16;10;96;239;326;NA;NA;NA;NA;NA;26;39;51;NA;459
671;Eucalyptus ;2;32;0;32 0 NA;NA;NA;16;1088;54.25;43.8;37;NA;NA;NA;NA;NA;683;666;507;226;41;377;368;280;125;23;10;97;252;354;NA;NA;NA;NA;NA;28;43;56;NA;506
672;Eucalyptus ;2;32;0;32 0 NA;NA;NA;17;1074;56.95;45.2;38.6;NA;NA;NA;NA;NA;732;715;561;273;64;410;400;314;153;36;9;96;257;374;NA;NA;NA;NA;NA;30;46;61;NA;549
673;Eucalyptus ;2;32;0;32 0 NA;NA;NA;18;1059;59.68;46.5;39.4;NA;NA;NA;NA;NA;788;772;620;320;82;447;438;351;181;47;9;95;266;400;NA;NA;NA;NA;NA;32;50;67;NA;599
;;;;;;;;;;;;;;;;;;;;;;;;;;;;;;;;;;;;;;;;;
;;;;;;;;;;;;;;;;;;;;;;;;;;;;;;;;;;;;;;;;;
;;;;;;;;;;;;;;;;;;;;;;;;;;;;;;;;;;;;;;;;;
;;;;;;;;;;;;;;;;;;;;;;;;;;;;;;;;;;;;;;;;;
;;;;;;;;;;;;;;;;;;;;;;;;;;;;;;;;;;;;;;;;;
;;;;;;;;;;;;;;;;;;;;;;;;;;;;;;;;;;;;;;;;;
;;;;;;;;;;;;;;;;;;;;;;;;;;;;;;;;;;;;;;;;;
;;;;;;;;;;;;;;;;;;;;;;;;;;;;;;;;;;;;;;;;;
;;;;;;;;;;;;;;;;;;;;;;;;;;;;;;;;;;;;;;;;;
;;;;;;;;;;;;;;;;;;;;;;;;;;;;;;;;;;;;;;;;;
;;;;;;;;;;;;;;;;;;;;;;;;;;;;;;;;;;;;;;;;;
;;;;;;;;;;;;;;;;;;;;;;;;;;;;;;;;;;;;;;;;;
;;;;;;;;;;;;;;;;;;;;;;;;;;;;;;;;;;;;;;;;;
;;;;;;;;;;;;;;;;;;;;;;;;;;;;;;;;;;;;;;;;;
;;;;;;;;;;;;;;;;;;;;;;;;;;;;;;;;;;;;;;;;;
;;;;;;;;;;;;;;;;;;;;;;;;;;;;;;;;;;;;;;;;;
;;;;;;;;;;;;;;;;;;;;;;;;;;;;;;;;;;;;;;;;;
;;;;;;;;;;;;;;;;;;;;;;;;;;;;;;;;;;;;;;;;;
;;;;;;;;;;;;;;;;;;;;;;;;;;;;;;;;;;;;;;;;;
;;;;;;;;;;;;;;;;;;;;;;;;;;;;;;;;;;;;;;;;;
;;;;;;;;;;;;;;;;;;;;;;;;;;;;;;;;;;;;;;;;;
;;;;;;;;;;;;;;;;;;;;;;;;;;;;;;;;;;;;;;;;;
;;;;;;;;;;;;;;;;;;;;;;;;;;;;;;;;;;;;;;;;;
;;;;;;;;;;;;;;;;;;;;;;;;;;;;;;;;;;;;;;;;;
;;;;;;;;;;;;;;;;;;;;;;;;;;;;;;;;;;;;;;;;;
;;;;;;;;;;;;;;;;;;;;;;;;;;;;;;;;;;;;;;;;;
;;;;;;;;;;;;;;;;;;;;;;;;;;;;;;;;;;;;;;;;;
;;;;;;;;;;;;;;;;;;;;;;;;;;;;;;;;;;;;;;;;;
;;;;;;;;;;;;;;;;;;;;;;;;;;;;;;;;;;;;;;;;;
;;;;;;;;;;;;;;;;;;;;;;;;;;;;;;;;;;;;;;;;;
;;;;;;;;;;;;;;;;;;;;;;;;;;;;;;;;;;;;;;;;;
;;;;;;;;;;;;;;;;;;;;;;;;;;;;;;;;;;;;;;;;;
;;;;;;;;;;;;;;;;;;;;;;;;;;;;;;;;;;;;;;;;;
;;;;;;;;;;;;;;;;;;;;;;;;;;;;;;;;;;;;;;;;;
;;;;;;;;;;;;;;;;;;;;;;;;;;;;;;;;;;;;;;;;;
;;;;;;;;;;;;;;;;;;;;;;;;;;;;;;;;;;;;;;;;;
;;;;;;;;;;;;;;;;;;;;;;;;;;;;;;;;;;;;;;;;;
;;;;;;;;;;;;;;;;;;;;;;;;;;;;;;;;;;;;;;;;;
;;;;;;;;;;;;;;;;;;;;;;;;;;;;;;;;;;;;;;;;;
;;;;;;;;;;;;;;;;;;;;;;;;;;;;;;;;;;;;;;;;;
;;;;;;;;;;;;;;;;;;;;;;;;;;;;;;;;;;;;;;;;;
;;;;;;;;;;;;;;;;;;;;;;;;;;;;;;;;;;;;;;;;;
;;;;;;;;;;;;;;;;;;;;;;;;;;;;;;;;;;;;;;;;;
;;;;;;;;;;;;;;;;;;;;;;;;;;;;;;;;;;;;;;;;;
;;;;;;;;;;;;;;;;;;;;;;;;;;;;;;;;;;;;;;;;;
;;;;;;;;;;;;;;;;;;;;;;;;;;;;;;;;;;;;;;;;;
;;;;;;;;;;;;;;;;;;;;;;;;;;;;;;;;;;;;;;;;;
;;;;;;;;;;;;;;;;;;;;;;;;;;;;;;;;;;;;;;;;;
;;;;;;;;;;;;;;;;;;;;;;;;;;;;;;;;;;;;;;;;;
;;;;;;;;;;;;;;;;;;;;;;;;;;;;;;;;;;;;;;;;;
;;;;;;;;;;;;;;;;;;;;;;;;;;;;;;;;;;;;;;;;;
;;;;;;;;;;;;;;;;;;;;;;;;;;;;;;;;;;;;;;;;;
;;;;;;;;;;;;;;;;;;;;;;;;;;;;;;;;;;;;;;;;;
;;;;;;;;;;;;;;;;;;;;;;;;;;;;;;;;;;;;;;;;;
;;;;;;;;;;;;;;;;;;;;;;;;;;;;;;;;;;;;;;;;;
;;;;;;;;;;;;;;;;;;;;;;;;;;;;;;;;;;;;;;;;;
;;;;;;;;;;;;;;;;;;;;;;;;;;;;;;;;;;;;;;;;;
;;;;;;;;;;;;;;;;;;;;;;;;;;;;;;;;;;;;;;;;;
;;;;;;;;;;;;;;;;;;;;;;;;;;;;;;;;;;;;;;;;;
;;;;;;;;;;;;;;;;;;;;;;;;;;;;;;;;;;;;;;;;;
;;;;;;;;;;;;;;;;;;;;;;;;;;;;;;;;;;;;;;;;;
;;;;;;;;;;;;;;;;;;;;;;;;;;;;;;;;;;;;;;;;;
;;;;;;;;;;;;;;;;;;;;;;;;;;;;;;;;;;;;;;;;;
;;;;;;;;;;;;;;;;;;;;;;;;;;;;;;;;;;;;;;;;;
;;;;;;;;;;;;;;;;;;;;;;;;;;;;;;;;;;;;;;;;;
;;;;;;;;;;;;;;;;;;;;;;;;;;;;;;;;;;;;;;;;;
;;;;;;;;;;;;;;;;;;;;;;;;;;;;;;;;;;;;;;;;;
;;;;;;;;;;;;;;;;;;;;;;;;;;;;;;;;;;;;;;;;;
;;;;;;;;;;;;;;;;;;;;;;;;;;;;;;;;;;;;;;;;;
;;;;;;;;;;;;;;;;;;;;;;;;;;;;;;;;;;;;;;;;;
;;;;;;;;;;;;;;;;;;;;;;;;;;;;;;;;;;;;;;;;;
;;;;;;;;;;;;;;;;;;;;;;;;;;;;;;;;;;;;;;;;;
;;;;;;;;;;;;;;;;;;;;;;;;;;;;;;;;;;;;;;;;;
;;;;;;;;;;;;;;;;;;;;;;;;;;;;;;;;;;;;;;;;;
;;;;;;;;;;;;;;;;;;;;;;;;;;;;;;;;;;;;;;;;;
;;;;;;;;;;;;;;;;;;;;;;;;;;;;;;;;;;;;;;;;;
;;;;;;;;;;;;;;;;;;;;;;;;;;;;;;;;;;;;;;;;;
;;;;;;;;;;;;;;;;;;;;;;;;;;;;;;;;;;;;;;;;;
;;;;;;;;;;;;;;;;;;;;;;;;;;;;;;;;;;;;;;;;;
;;;;;;;;;;;;;;;;;;;;;;;;;;;;;;;;;;;;;;;;;
;;;;;;;;;;;;;;;;;;;;;;;;;;;;;;;;;;;;;;;;;
;;;;;;;;;;;;;;;;;;;;;;;;;;;;;;;;;;;;;;;;;
;;;;;;;;;;;;;;;;;;;;;;;;;;;;;;;;;;;;;;;;;
;;;;;;;;;;;;;;;;;;;;;;;;;;;;;;;;;;;;;;;;;
;;;;;;;;;;;;;;;;;;;;;;;;;;;;;;;;;;;;;;;;;
;;;;;;;;;;;;;;;;;;;;;;;;;;;;;;;;;;;;;;;;;
;;;;;;;;;;;;;;;;;;;;;;;;;;;;;;;;;;;;;;;;;
;;;;;;;;;;;;;;;;;;;;;;;;;;;;;;;;;;;;;;;;;
;;;;;;;;;;;;;;;;;;;;;;;;;;;;;;;;;;;;;;;;;
;;;;;;;;;;;;;;;;;;;;;;;;;;;;;;;;;;;;;;;;;
;;;;;;;;;;;;;;;;;;;;;;;;;;;;;;;;;;;;;;;;;
;;;;;;;;;;;;;;;;;;;;;;;;;;;;;;;;;;;;;;;;;
;;;;;;;;;;;;;;;;;;;;;;;;;;;;;;;;;;;;;;;;;
;;;;;;;;;;;;;;;;;;;;;;;;;;;;;;;;;;;;;;;;;
;;;;;;;;;;;;;;;;;;;;;;;;;;;;;;;;;;;;;;;;;
;;;;;;;;;;;;;;;;;;;;;;;;;;;;;;;;;;;;;;;;;
;;;;;;;;;;;;;;;;;;;;;;;;;;;;;;;;;;;;;;;;;
;;;;;;;;;;;;;;;;;;;;;;;;;;;;;;;;;;;;;;;;;
;;;;;;;;;;;;;;;;;;;;;;;;;;;;;;;;;;;;;;;;;
;;;;;;;;;;;;;;;;;;;;;;;;;;;;;;;;;;;;;;;;;
;;;;;;;;;;;;;;;;;;;;;;;;;;;;;;;;;;;;;;;;;
;;;;;;;;;;;;;;;;;;;;;;;;;;;;;;;;;;;;;;;;;
;;;;;;;;;;;;;;;;;;;;;;;;;;;;;;;;;;;;;;;;;
;;;;;;;;;;;;;;;;;;;;;;;;;;;;;;;;;;;;;;;;;
;;;;;;;;;;;;;;;;;;;;;;;;;;;;;;;;;;;;;;;;;
;;;;;;;;;;;;;;;;;;;;;;;;;;;;;;;;;;;;;;;;;
;;;;;;;;;;;;;;;;;;;;;;;;;;;;;;;;;;;;;;;;;
;;;;;;;;;;;;;;;;;;;;;;;;;;;;;;;;;;;;;;;;;
;;;;;;;;;;;;;;;;;;;;;;;;;;;;;;;;;;;;;;;;;
;;;;;;;;;;;;;;;;;;;;;;;;;;;;;;;;;;;;;;;;;
;;;;;;;;;;;;;;;;;;;;;;;;;;;;;;;;;;;;;;;;;
;;;;;;;;;;;;;;;;;;;;;;;;;;;;;;;;;;;;;;;;;
;;;;;;;;;;;;;;;;;;;;;;;;;;;;;;;;;;;;;;;;;
;;;;;;;;;;;;;;;;;;;;;;;;;;;;;;;;;;;;;;;;;
;;;;;;;;;;;;;;;;;;;;;;;;;;;;;;;;;;;;;;;;;
;;;;;;;;;;;;;;;;;;;;;;;;;;;;;;;;;;;;;;;;;
;;;;;;;;;;;;;;;;;;;;;;;;;;;;;;;;;;;;;;;;;
;;;;;;;;;;;;;;;;;;;;;;;;;;;;;;;;;;;;;;;;;
;;;;;;;;;;;;;;;;;;;;;;;;;;;;;;;;;;;;;;;;;
;;;;;;;;;;;;;;;;;;;;;;;;;;;;;;;;;;;;;;;;;
;;;;;;;;;;;;;;;;;;;;;;;;;;;;;;;;;;;;;;;;;
;;;;;;;;;;;;;;;;;;;;;;;;;;;;;;;;;;;;;;;;;
;;;;;;;;;;;;;;;;;;;;;;;;;;;;;;;;;;;;;;;;;
;;;;;;;;;;;;;;;;;;;;;;;;;;;;;;;;;;;;;;;;;
;;;;;;;;;;;;;;;;;;;;;;;;;;;;;;;;;;;;;;;;;
;;;;;;;;;;;;;;;;;;;;;;;;;;;;;;;;;;;;;;;;;
;;;;;;;;;;;;;;;;;;;;;;;;;;;;;;;;;;;;;;;;;
;;;;;;;;;;;;;;;;;;;;;;;;;;;;;;;;;;;;;;;;;
;;;;;;;;;;;;;;;;;;;;;;;;;;;;;;;;;;;;;;;;;
;;;;;;;;;;;;;;;;;;;;;;;;;;;;;;;;;;;;;;;;;
;;;;;;;;;;;;;;;;;;;;;;;;;;;;;;;;;;;;;;;;;
;;;;;;;;;;;;;;;;;;;;;;;;;;;;;;;;;;;;;;;;;
;;;;;;;;;;;;;;;;;;;;;;;;;;;;;;;;;;;;;;;;;
;;;;;;;;;;;;;;;;;;;;;;;;;;;;;;;;;;;;;;;;;
;;;;;;;;;;;;;;;;;;;;;;;;;;;;;;;;;;;;;;;;;
;;;;;;;;;;;;;;;;;;;;;;;;;;;;;;;;;;;;;;;;;
;;;;;;;;;;;;;;;;;;;;;;;;;;;;;;;;;;;;;;;;;
;;;;;;;;;;;;;;;;;;;;;;;;;;;;;;;;;;;;;;;;;
;;;;;;;;;;;;;;;;;;;;;;;;;;;;;;;;;;;;;;;;;
;;;;;;;;;;;;;;;;;;;;;;;;;;;;;;;;;;;;;;;;;
;;;;;;;;;;;;;;;;;;;;;;;;;;;;;;;;;;;;;;;;;
;;;;;;;;;;;;;;;;;;;;;;;;;;;;;;;;;;;;;;;;;
;;;;;;;;;;;;;;;;;;;;;;;;;;;;;;;;;;;;;;;;;
;;;;;;;;;;;;;;;;;;;;;;;;;;;;;;;;;;;;;;;;;
;;;;;;;;;;;;;;;;;;;;;;;;;;;;;;;;;;;;;;;;;
;;;;;;;;;;;;;;;;;;;;;;;;;;;;;;;;;;;;;;;;;
;;;;;;;;;;;;;;;;;;;;;;;;;;;;;;;;;;;;;;;;;
;;;;;;;;;;;;;;;;;;;;;;;;;;;;;;;;;;;;;;;;;
;;;;;;;;;;;;;;;;;;;;;;;;;;;;;;;;;;;;;;;;;
;;;;;;;;;;;;;;;;;;;;;;;;;;;;;;;;;;;;;;;;;
;;;;;;;;;;;;;;;;;;;;;;;;;;;;;;;;;;;;;;;;;
;;;;;;;;;;;;;;;;;;;;;;;;;;;;;;;;;;;;;;;;;
;;;;;;;;;;;;;;;;;;;;;;;;;;;;;;;;;;;;;;;;;
;;;;;;;;;;;;;;;;;;;;;;;;;;;;;;;;;;;;;;;;;
;;;;;;;;;;;;;;;;;;;;;;;;;;;;;;;;;;;;;;;;;
;;;;;;;;;;;;;;;;;;;;;;;;;;;;;;;;;;;;;;;;;
;;;;;;;;;;;;;;;;;;;;;;;;;;;;;;;;;;;;;;;;;
;;;;;;;;;;;;;;;;;;;;;;;;;;;;;;;;;;;;;;;;;
;;;;;;;;;;;;;;;;;;;;;;;;;;;;;;;;;;;;;;;;;
;;;;;;;;;;;;;;;;;;;;;;;;;;;;;;;;;;;;;;;;;
;;;;;;;;;;;;;;;;;;;;;;;;;;;;;;;;;;;;;;;;;
;;;;;;;;;;;;;;;;;;;;;;;;;;;;;;;;;;;;;;;;;
;;;;;;;;;;;;;;;;;;;;;;;;;;;;;;;;;;;;;;;;;
;;;;;;;;;;;;;;;;;;;;;;;;;;;;;;;;;;;;;;;;;
;;;;;;;;;;;;;;;;;;;;;;;;;;;;;;;;;;;;;;;;;
;;;;;;;;;;;;;;;;;;;;;;;;;;;;;;;;;;;;;;;;;
;;;;;;;;;;;;;;;;;;;;;;;;;;;;;;;;;;;;;;;;;
;;;;;;;;;;;;;;;;;;;;;;;;;;;;;;;;;;;;;;;;;
;;;;;;;;;;;;;;;;;;;;;;;;;;;;;;;;;;;;;;;;;
;;;;;;;;;;;;;;;;;;;;;;;;;;;;;;;;;;;;;;;;;
;;;;;;;;;;;;;;;;;;;;;;;;;;;;;;;;;;;;;;;;;
;;;;;;;;;;;;;;;;;;;;;;;;;;;;;;;;;;;;;;;;;
;;;;;;;;;;;;;;;;;;;;;;;;;;;;;;;;;;;;;;;;;
;;;;;;;;;;;;;;;;;;;;;;;;;;;;;;;;;;;;;;;;;
;;;;;;;;;;;;;;;;;;;;;;;;;;;;;;;;;;;;;;;;;
;;;;;;;;;;;;;;;;;;;;;;;;;;;;;;;;;;;;;;;;;
;;;;;;;;;;;;;;;;;;;;;;;;;;;;;;;;;;;;;;;;;
;;;;;;;;;;;;;;;;;;;;;;;;;;;;;;;;;;;;;;;;;
;;;;;;;;;;;;;;;;;;;;;;;;;;;;;;;;;;;;;;;;;
;;;;;;;;;;;;;;;;;;;;;;;;;;;;;;;;;;;;;;;;;
;;;;;;;;;;;;;;;;;;;;;;;;;;;;;;;;;;;;;;;;;
;;;;;;;;;;;;;;;;;;;;;;;;;;;;;;;;;;;;;;;;;
;;;;;;;;;;;;;;;;;;;;;;;;;;;;;;;;;;;;;;;;;
;;;;;;;;;;;;;;;;;;;;;;;;;;;;;;;;;;;;;;;;;
;;;;;;;;;;;;;;;;;;;;;;;;;;;;;;;;;;;;;;;;;
;;;;;;;;;;;;;;;;;;;;;;;;;;;;;;;;;;;;;;;;;
;;;;;;;;;;;;;;;;;;;;;;;;;;;;;;;;;;;;;;;;;
;;;;;;;;;;;;;;;;;;;;;;;;;;;;;;;;;;;;;;;;;
;;;;;;;;;;;;;;;;;;;;;;;;;;;;;;;;;;;;;;;;;
;;;;;;;;;;;;;;;;;;;;;;;;;;;;;;;;;;;;;;;;;
;;;;;;;;;;;;;;;;;;;;;;;;;;;;;;;;;;;;;;;;;
;;;;;;;;;;;;;;;;;;;;;;;;;;;;;;;;;;;;;;;;;
;;;;;;;;;;;;;;;;;;;;;;;;;;;;;;;;;;;;;;;;;
;;;;;;;;;;;;;;;;;;;;;;;;;;;;;;;;;;;;;;;;;
;;;;;;;;;;;;;;;;;;;;;;;;;;;;;;;;;;;;;;;;;
;;;;;;;;;;;;;;;;;;;;;;;;;;;;;;;;;;;;;;;;;
;;;;;;;;;;;;;;;;;;;;;;;;;;;;;;;;;;;;;;;;;
;;;;;;;;;;;;;;;;;;;;;;;;;;;;;;;;;;;;;;;;;
;;;;;;;;;;;;;;;;;;;;;;;;;;;;;;;;;;;;;;;;;
;;;;;;;;;;;;;;;;;;;;;;;;;;;;;;;;;;;;;;;;;
;;;;;;;;;;;;;;;;;;;;;;;;;;;;;;;;;;;;;;;;;
;;;;;;;;;;;;;;;;;;;;;;;;;;;;;;;;;;;;;;;;;
;;;;;;;;;;;;;;;;;;;;;;;;;;;;;;;;;;;;;;;;;
;;;;;;;;;;;;;;;;;;;;;;;;;;;;;;;;;;;;;;;;;
;;;;;;;;;;;;;;;;;;;;;;;;;;;;;;;;;;;;;;;;;
;;;;;;;;;;;;;;;;;;;;;;;;;;;;;;;;;;;;;;;;;
;;;;;;;;;;;;;;;;;;;;;;;;;;;;;;;;;;;;;;;;;
;;;;;;;;;;;;;;;;;;;;;;;;;;;;;;;;;;;;;;;;;
;;;;;;;;;;;;;;;;;;;;;;;;;;;;;;;;;;;;;;;;;
;;;;;;;;;;;;;;;;;;;;;;;;;;;;;;;;;;;;;;;;;
;;;;;;;;;;;;;;;;;;;;;;;;;;;;;;;;;;;;;;;;;
;;;;;;;;;;;;;;;;;;;;;;;;;;;;;;;;;;;;;;;;;
;;;;;;;;;;;;;;;;;;;;;;;;;;;;;;;;;;;;;;;;;
;;;;;;;;;;;;;;;;;;;;;;;;;;;;;;;;;;;;;;;;;
;;;;;;;;;;;;;;;;;;;;;;;;;;;;;;;;;;;;;;;;;
;;;;;;;;;;;;;;;;;;;;;;;;;;;;;;;;;;;;;;;;;
;;;;;;;;;;;;;;;;;;;;;;;;;;;;;;;;;;;;;;;;;
;;;;;;;;;;;;;;;;;;;;;;;;;;;;;;;;;;;;;;;;;
;;;;;;;;;;;;;;;;;;;;;;;;;;;;;;;;;;;;;;;;;
;;;;;;;;;;;;;;;;;;;;;;;;;;;;;;;;;;;;;;;;;
;;;;;;;;;;;;;;;;;;;;;;;;;;;;;;;;;;;;;;;;;
;;;;;;;;;;;;;;;;;;;;;;;;;;;;;;;;;;;;;;;;;
;;;;;;;;;;;;;;;;;;;;;;;;;;;;;;;;;;;;;;;;;
;;;;;;;;;;;;;;;;;;;;;;;;;;;;;;;;;;;;;;;;;
;;;;;;;;;;;;;;;;;;;;;;;;;;;;;;;;;;;;;;;;;
;;;;;;;;;;;;;;;;;;;;;;;;;;;;;;;;;;;;;;;;;
;;;;;;;;;;;;;;;;;;;;;;;;;;;;;;;;;;;;;;;;;
;;;;;;;;;;;;;;;;;;;;;;;;;;;;;;;;;;;;;;;;;
;;;;;;;;;;;;;;;;;;;;;;;;;;;;;;;;;;;;;;;;;
;;;;;;;;;;;;;;;;;;;;;;;;;;;;;;;;;;;;;;;;;
;;;;;;;;;;;;;;;;;;;;;;;;;;;;;;;;;;;;;;;;;
;;;;;;;;;;;;;;;;;;;;;;;;;;;;;;;;;;;;;;;;;
;;;;;;;;;;;;;;;;;;;;;;;;;;;;;;;;;;;;;;;;;
;;;;;;;;;;;;;;;;;;;;;;;;;;;;;;;;;;;;;;;;;
;;;;;;;;;;;;;;;;;;;;;;;;;;;;;;;;;;;;;;;;;
;;;;;;;;;;;;;;;;;;;;;;;;;;;;;;;;;;;;;;;;;
;;;;;;;;;;;;;;;;;;;;;;;;;;;;;;;;;;;;;;;;;
;;;;;;;;;;;;;;;;;;;;;;;;;;;;;;;;;;;;;;;;;
;;;;;;;;;;;;;;;;;;;;;;;;;;;;;;;;;;;;;;;;;
;;;;;;;;;;;;;;;;;;;;;;;;;;;;;;;;;;;;;;;;;
;;;;;;;;;;;;;;;;;;;;;;;;;;;;;;;;;;;;;;;;;
;;;;;;;;;;;;;;;;;;;;;;;;;;;;;;;;;;;;;;;;;
;;;;;;;;;;;;;;;;;;;;;;;;;;;;;;;;;;;;;;;;;
;;;;;;;;;;;;;;;;;;;;;;;;;;;;;;;;;;;;;;;;;
;;;;;;;;;;;;;;;;;;;;;;;;;;;;;;;;;;;;;;;;;
;;;;;;;;;;;;;;;;;;;;;;;;;;;;;;;;;;;;;;;;;
;;;;;;;;;;;;;;;;;;;;;;;;;;;;;;;;;;;;;;;;;
;;;;;;;;;;;;;;;;;;;;;;;;;;;;;;;;;;;;;;;;;
;;;;;;;;;;;;;;;;;;;;;;;;;;;;;;;;;;;;;;;;;
;;;;;;;;;;;;;;;;;;;;;;;;;;;;;;;;;;;;;;;;;
;;;;;;;;;;;;;;;;;;;;;;;;;;;;;;;;;;;;;;;;;
;;;;;;;;;;;;;;;;;;;;;;;;;;;;;;;;;;;;;;;;;
;;;;;;;;;;;;;;;;;;;;;;;;;;;;;;;;;;;;;;;;;
;;;;;;;;;;;;;;;;;;;;;;;;;;;;;;;;;;;;;;;;;
;;;;;;;;;;;;;;;;;;;;;;;;;;;;;;;;;;;;;;;;;
;;;;;;;;;;;;;;;;;;;;;;;;;;;;;;;;;;;;;;;;;
;;;;;;;;;;;;;;;;;;;;;;;;;;;;;;;;;;;;;;;;;
;;;;;;;;;;;;;;;;;;;;;;;;;;;;;;;;;;;;;;;;;
;;;;;;;;;;;;;;;;;;;;;;;;;;;;;;;;;;;;;;;;;
;;;;;;;;;;;;;;;;;;;;;;;;;;;;;;;;;;;;;;;;;
;;;;;;;;;;;;;;;;;;;;;;;;;;;;;;;;;;;;;;;;;
;;;;;;;;;;;;;;;;;;;;;;;;;;;;;;;;;;;;;;;;;
;;;;;;;;;;;;;;;;;;;;;;;;;;;;;;;;;;;;;;;;;
;;;;;;;;;;;;;;;;;;;;;;;;;;;;;;;;;;;;;;;;;
;;;;;;;;;;;;;;;;;;;;;;;;;;;;;;;;;;;;;;;;;
;;;;;;;;;;;;;;;;;;;;;;;;;;;;;;;;;;;;;;;;;
;;;;;;;;;;;;;;;;;;;;;;;;;;;;;;;;;;;;;;;;;
;;;;;;;;;;;;;;;;;;;;;;;;;;;;;;;;;;;;;;;;;
;;;;;;;;;;;;;;;;;;;;;;;;;;;;;;;;;;;;;;;;;
;;;;;;;;;;;;;;;;;;;;;;;;;;;;;;;;;;;;;;;;;
;;;;;;;;;;;;;;;;;;;;;;;;;;;;;;;;;;;;;;;;;
;;;;;;;;;;;;;;;;;;;;;;;;;;;;;;;;;;;;;;;;;
;;;;;;;;;;;;;;;;;;;;;;;;;;;;;;;;;;;;;;;;;
;;;;;;;;;;;;;;;;;;;;;;;;;;;;;;;;;;;;;;;;;
;;;;;;;;;;;;;;;;;;;;;;;;;;;;;;;;;;;;;;;;;
;;;;;;;;;;;;;;;;;;;;;;;;;;;;;;;;;;;;;;;;;
;;;;;;;;;;;;;;;;;;;;;;;;;;;;;;;;;;;;;;;;;
;;;;;;;;;;;;;;;;;;;;;;;;;;;;;;;;;;;;;;;;;
;;;;;;;;;;;;;;;;;;;;;;;;;;;;;;;;;;;;;;;;;
;;;;;;;;;;;;;;;;;;;;;;;;;;;;;;;;;;;;;;;;;
;;;;;;;;;;;;;;;;;;;;;;;;;;;;;;;;;;;;;;;;;
;;;;;;;;;;;;;;;;;;;;;;;;;;;;;;;;;;;;;;;;;
;;;;;;;;;;;;;;;;;;;;;;;;;;;;;;;;;;;;;;;;;
;;;;;;;;;;;;;;;;;;;;;;;;;;;;;;;;;;;;;;;;;
;;;;;;;;;;;;;;;;;;;;;;;;;;;;;;;;;;;;;;;;;
;;;;;;;;;;;;;;;;;;;;;;;;;;;;;;;;;;;;;;;;;
;;;;;;;;;;;;;;;;;;;;;;;;;;;;;;;;;;;;;;;;;
;;;;;;;;;;;;;;;;;;;;;;;;;;;;;;;;;;;;;;;;;
;;;;;;;;;;;;;;;;;;;;;;;;;;;;;;;;;;;;;;;;;
;;;;;;;;;;;;;;;;;;;;;;;;;;;;;;;;;;;;;;;;;
;;;;;;;;;;;;;;;;;;;;;;;;;;;;;;;;;;;;;;;;;
;;;;;;;;;;;;;;;;;;;;;;;;;;;;;;;;;;;;;;;;;
